number,value,datetime_start,datetime_complete,duration,params_colsample_bytree,params_gamma,params_learning_rate,params_max_depth,params_min_child_weight,params_n_estimators,params_reg_lambda,params_subsample,system_attrs_fixed_params,system_attrs_tpe:relative_params:0,state
0,0.8103435110758429,2026-09-21 14:49:36.052364,2026-09-21 14:49:40.279556,0 days 00:00:04.227192,1.0,0.0,0.05,5,1.0,300,1.0,1.0,"{'n_estimators': 300, 'learning_rate': 0.05, 'max_depth': 5, 'min_child_weight': 1, 'subsample': 1.0, 'colsample_bytree': 1.0, 'reg_lambda': 1.0, 'gamma': 0.0}",,COMPLETE
1,0.8115198981006989,2026-09-21 14:49:40.309200,2026-09-21 14:49:44.382697,0 days 00:00:04.073497,0.7521258791466593,4.4588650039103985,0.0852084800119005,6,5.115750615935456,600,0.05627932047415167,0.7118273996694524,,,COMPLETE
2,0.8016794140707632,2026-09-21 14:49:44.383116,2026-09-21 14:49:58.534045,0 days 00:00:14.150929,0.9479176468048627,0.43564649850770354,0.03154052496956797,7,4.876499175835441,1000,0.0019237305096546497,0.7840222805469661,,,COMPLETE
3,0.8079588801559812,2026-09-21 14:49:58.534300,2026-09-21 14:49:59.182700,0 days 00:00:00.648400,0.8594109949517065,3.902645881432277,0.12113325685093146,7,13.549145341210659,100,0.07013219779945795,0.989309171116382,,,COMPLETE
4,0.8071497383915901,2026-09-21 14:49:59.182746,2026-09-21 14:50:00.418009,0 days 00:00:01.235263,0.5902633579933665,3.871168447171083,0.0680074425948075,3,16.945039949066025,200,0.011434638743472197,0.7609241608750359,,,COMPLETE
5,0.8040293959595524,2026-09-21 14:50:00.418156,2026-09-21 14:50:02.276862,0 days 00:00:01.858706,0.7318537978123298,3.409101495517417,0.054897127184964416,2,6.361540670994398,500,5.9565160187105715,0.8060478613612108,,,COMPLETE
6,0.8096533204110345,2026-09-21 14:50:02.276953,2026-09-21 14:50:05.923106,0 days 00:00:03.646153,0.7694465087327116,0.6446314882742665,0.03703323754998522,6,1.197719568276461,400,0.0069427294924301495,0.8333833577228338,,,COMPLETE
7,0.8128070057268394,2026-09-21 14:50:05.923807,2026-09-21 14:50:08.532677,0 days 00:00:02.608870,0.37143136752361966,0.8065475894249813,0.029730254214469846,5,3.720777713148019,350,0.006847105576684045,0.9941869190296131,,,COMPLETE
8,0.8093521159301023,2026-09-21 14:50:08.532862,2026-09-21 14:50:11.717163,0 days 00:00:03.184301,0.37726259881501356,0.690914756743069,0.021356986471473192,5,2.079720759461046,700,0.42200573971950167,0.5794847918227599,,,COMPLETE
9,0.8098700136003238,2026-09-21 14:50:11.717252,2026-09-21 14:50:14.027827,0 days 00:00:02.310575,0.36726888552577414,2.343256008238508,0.03018022736113482,7,1.3376166697408782,250,8.050778165087026,0.918972453749402,,,COMPLETE
10,0.8100964509027561,2026-09-21 14:50:14.027917,2026-09-21 14:50:17.079329,0 days 00:00:03.051412,0.39515805345090044,2.3495265002036296,0.01772488054778136,6,14.193834293234506,400,0.007433053301458351,0.8753017030971304,,"{""colsample_bytree"": 0.39515805345090044, ""gamma"": 2.3495265002036296, ""learning_rate"": 0.01772488054778136, ""max_depth"": 6, ""min_child_weight"": 14.193834293234506, ""n_estimators"": 400, ""reg_lambda"": 0.007433053301458351, ""subsample"": 0.8753017030971304}",COMPLETE
11,0.8116443045321802,2026-09-21 14:50:17.079481,2026-09-21 14:50:19.528641,0 days 00:00:02.449160,0.5882643222229955,1.246765341295183,0.02835618263724768,4,3.3717565526979545,600,0.007762230873246752,0.877023439102028,,"{""colsample_bytree"": 0.5882643222229955, ""gamma"": 1.246765341295183, ""learning_rate"": 0.02835618263724768, ""max_depth"": 4, ""min_child_weight"": 3.3717565526979545, ""n_estimators"": 600, ""reg_lambda"": 0.007762230873246752, ""subsample"": 0.877023439102028}",COMPLETE
12,0.8041901976640051,2026-09-21 14:50:19.528696,2026-09-21 14:50:20.903225,0 days 00:00:01.374529,0.5566840216360339,0.19326485028013052,0.023661775894080132,3,3.4427841991920007,200,0.0026655807590403296,0.9961355297941125,,"{""colsample_bytree"": 0.5566840216360339, ""gamma"": 0.19326485028013052, ""learning_rate"": 0.023661775894080132, ""max_depth"": 3, ""min_child_weight"": 3.4427841991920007, ""n_estimators"": 200, ""reg_lambda"": 0.0026655807590403296, ""subsample"": 0.9961355297941125}",COMPLETE
13,0.8076998688558874,2026-09-21 14:50:20.903776,2026-09-21 14:50:23.743513,0 days 00:00:02.839737,0.331515984951436,0.8706589678474375,0.03055421866121379,3,6.057737806113189,550,0.003436341188608856,0.9592370376930851,,"{""colsample_bytree"": 0.331515984951436, ""gamma"": 0.8706589678474375, ""learning_rate"": 0.03055421866121379, ""max_depth"": 3, ""min_child_weight"": 6.057737806113189, ""n_estimators"": 550, ""reg_lambda"": 0.003436341188608856, ""subsample"": 0.9592370376930851}",COMPLETE
14,0.8094309914806092,2026-09-21 14:50:23.743740,2026-09-21 14:50:24.838213,0 days 00:00:01.094473,0.47042345265940994,1.3867130911708738,0.059519640265404704,5,7.608758410982165,150,0.006129941473024005,0.9247917853240762,,"{""colsample_bytree"": 0.47042345265940994, ""gamma"": 1.3867130911708738, ""learning_rate"": 0.059519640265404704, ""max_depth"": 5, ""min_child_weight"": 7.608758410982165, ""n_estimators"": 150, ""reg_lambda"": 0.006129941473024005, ""subsample"": 0.9247917853240762}",COMPLETE
15,0.8070725855065461,2026-09-21 14:50:24.838259,2026-09-21 14:50:26.341388,0 days 00:00:01.503129,0.3704048437162121,1.5798856855169117,0.014493653236329717,6,4.1658959123262225,200,0.01995578779249979,0.9674321233289573,,"{""colsample_bytree"": 0.3704048437162121, ""gamma"": 1.5798856855169117, ""learning_rate"": 0.014493653236329717, ""max_depth"": 6, ""min_child_weight"": 4.1658959123262225, ""n_estimators"": 200, ""reg_lambda"": 0.01995578779249979, ""subsample"": 0.9674321233289573}",COMPLETE
16,0.8094498404529471,2026-09-21 14:50:26.341468,2026-09-21 14:50:27.799986,0 days 00:00:01.458518,0.4863279874864335,1.985925132943359,0.03396799996899258,5,2.6234415144776015,400,0.0046726553655362804,0.9446671982010127,,"{""colsample_bytree"": 0.4863279874864335, ""gamma"": 1.985925132943359, ""learning_rate"": 0.03396799996899258, ""max_depth"": 5, ""min_child_weight"": 2.6234415144776015, ""n_estimators"": 400, ""reg_lambda"": 0.0046726553655362804, ""subsample"": 0.9446671982010127}",COMPLETE
17,0.7999365673173976,2026-09-21 14:50:27.800041,2026-09-21 14:50:29.274893,0 days 00:00:01.474852,0.5135837179005724,2.1885287060453185,0.01846882114829784,2,3.502727826739757,450,0.11604638520834783,0.9187617150857139,,"{""colsample_bytree"": 0.5135837179005724, ""gamma"": 2.1885287060453185, ""learning_rate"": 0.01846882114829784, ""max_depth"": 2, ""min_child_weight"": 3.502727826739757, ""n_estimators"": 450, ""reg_lambda"": 0.11604638520834783, ""subsample"": 0.9187617150857139}",COMPLETE
18,0.8134154331429265,2026-09-21 14:50:29.274969,2026-09-21 14:50:31.631632,0 days 00:00:02.356663,0.5936238090003546,1.3728383083815738,0.023967339729516673,6,3.9484159407886144,500,0.031641130715574284,0.9909652650960985,,"{""colsample_bytree"": 0.5936238090003546, ""gamma"": 1.3728383083815738, ""learning_rate"": 0.023967339729516673, ""max_depth"": 6, ""min_child_weight"": 3.9484159407886144, ""n_estimators"": 500, ""reg_lambda"": 0.031641130715574284, ""subsample"": 0.9909652650960985}",COMPLETE
19,0.8128282117601323,2026-09-21 14:50:31.631675,2026-09-21 14:50:35.917121,0 days 00:00:04.285446,0.6682750133537858,0.5277306314488588,0.04448374231457706,5,6.35448333180739,450,0.12374591204524954,0.9297492910321637,,"{""colsample_bytree"": 0.6682750133537858, ""gamma"": 0.5277306314488588, ""learning_rate"": 0.04448374231457706, ""max_depth"": 5, ""min_child_weight"": 6.35448333180739, ""n_estimators"": 450, ""reg_lambda"": 0.12374591204524954, ""subsample"": 0.9297492910321637}",COMPLETE
20,0.8113710255155265,2026-09-21 14:50:35.917308,2026-09-21 14:50:42.023108,0 days 00:00:06.105800,0.6820602616282487,1.347409450859296,0.04386523282473916,6,10.581353815071619,750,0.12056993427383347,0.9695993737511183,,"{""colsample_bytree"": 0.6820602616282487, ""gamma"": 1.347409450859296, ""learning_rate"": 0.04386523282473916, ""max_depth"": 6, ""min_child_weight"": 10.581353815071619, ""n_estimators"": 750, ""reg_lambda"": 0.12056993427383347, ""subsample"": 0.9695993737511183}",COMPLETE
21,0.809137360006487,2026-09-21 14:50:42.023365,2026-09-21 14:50:45.514899,0 days 00:00:03.491534,0.3321231332379879,1.2708633378423262,0.028721730510673348,6,5.993060990512637,550,0.03811402212836145,0.9739694340096576,,"{""colsample_bytree"": 0.3321231332379879, ""gamma"": 1.2708633378423262, ""learning_rate"": 0.028721730510673348, ""max_depth"": 6, ""min_child_weight"": 5.993060990512637, ""n_estimators"": 550, ""reg_lambda"": 0.03811402212836145, ""subsample"": 0.9739694340096576}",COMPLETE
22,0.8111856294399983,2026-09-21 14:50:45.515352,2026-09-21 14:50:50.443013,0 days 00:00:04.927661,0.3332225856625733,1.4953518229949205,0.02713068552284403,6,1.9537957516207076,300,0.0022948335853067996,0.9504480618357547,,"{""colsample_bytree"": 0.3332225856625733, ""gamma"": 1.4953518229949205, ""learning_rate"": 0.02713068552284403, ""max_depth"": 6, ""min_child_weight"": 1.9537957516207076, ""n_estimators"": 300, ""reg_lambda"": 0.0022948335853067996, ""subsample"": 0.9504480618357547}",COMPLETE
23,0.8072472052266628,2026-09-21 14:50:50.443196,2026-09-21 14:50:52.800077,0 days 00:00:02.356881,0.458944196997496,0.8659672334377203,0.03807215190399418,4,1.9887117883291858,250,0.022679518934378935,0.9506793855963276,,"{""colsample_bytree"": 0.458944196997496, ""gamma"": 0.8659672334377203, ""learning_rate"": 0.03807215190399418, ""max_depth"": 4, ""min_child_weight"": 1.9887117883291858, ""n_estimators"": 250, ""reg_lambda"": 0.022679518934378935, ""subsample"": 0.9506793855963276}",COMPLETE
24,0.8115719014658804,2026-09-21 14:50:52.800917,2026-09-21 14:51:01.082838,0 days 00:00:08.281921,0.7569493132065261,1.3058835406445781,0.017588668813995116,5,4.381301642492841,500,0.04812565030305617,0.9861062967992684,,"{""colsample_bytree"": 0.7569493132065261, ""gamma"": 1.3058835406445781, ""learning_rate"": 0.017588668813995116, ""max_depth"": 5, ""min_child_weight"": 4.381301642492841, ""n_estimators"": 500, ""reg_lambda"": 0.04812565030305617, ""subsample"": 0.9861062967992684}",COMPLETE
25,0.8135565600714416,2026-09-21 14:51:01.083138,2026-09-21 14:51:06.344968,0 days 00:00:05.261830,0.6700448667908425,2.3642126630620335,0.02759222649725067,7,5.186947456829439,450,0.09470622826391527,0.9555370732285267,,"{""colsample_bytree"": 0.6700448667908425, ""gamma"": 2.3642126630620335, ""learning_rate"": 0.02759222649725067, ""max_depth"": 7, ""min_child_weight"": 5.186947456829439, ""n_estimators"": 450, ""reg_lambda"": 0.09470622826391527, ""subsample"": 0.9555370732285267}",COMPLETE
26,0.8114683089160287,2026-09-21 14:51:06.345603,2026-09-21 14:51:15.604307,0 days 00:00:09.258704,0.8665168942182644,1.8605760789078678,0.022718133167296532,7,5.11553580734885,400,0.18994972412600408,0.9772644756391298,,"{""colsample_bytree"": 0.8665168942182644, ""gamma"": 1.8605760789078678, ""learning_rate"": 0.022718133167296532, ""max_depth"": 7, ""min_child_weight"": 5.11553580734885, ""n_estimators"": 400, ""reg_lambda"": 0.18994972412600408, ""subsample"": 0.9772644756391298}",COMPLETE
27,0.8116773492999224,2026-09-21 14:51:15.604559,2026-09-21 14:51:19.702005,0 days 00:00:04.097446,0.7290561670439064,0.3381120362886254,0.038020215608578385,5,4.846267602477716,300,0.028606354246674594,0.9468590835811754,,"{""colsample_bytree"": 0.7290561670439064, ""gamma"": 0.3381120362886254, ""learning_rate"": 0.038020215608578385, ""max_depth"": 5, ""min_child_weight"": 4.846267602477716, ""n_estimators"": 300, ""reg_lambda"": 0.028606354246674594, ""subsample"": 0.9468590835811754}",COMPLETE
28,0.8111841370929941,2026-09-21 14:51:19.702269,2026-09-21 14:51:23.055746,0 days 00:00:03.353477,0.6323481149901717,0.14949786894815098,0.06194691716771061,4,4.92069989855447,400,0.2063151148129297,0.941994285992415,,"{""colsample_bytree"": 0.6323481149901717, ""gamma"": 0.14949786894815098, ""learning_rate"": 0.06194691716771061, ""max_depth"": 4, ""min_child_weight"": 4.92069989855447, ""n_estimators"": 400, ""reg_lambda"": 0.2063151148129297, ""subsample"": 0.941994285992415}",COMPLETE
29,0.8122963801163394,2026-09-21 14:51:23.055834,2026-09-21 14:51:26.224375,0 days 00:00:03.168541,0.6430914362661784,1.7567238326386754,0.0224219474121714,6,2.0711534873057285,400,0.017889283775176113,0.9658627833300286,,"{""colsample_bytree"": 0.6430914362661784, ""gamma"": 1.7567238326386754, ""learning_rate"": 0.0224219474121714, ""max_depth"": 6, ""min_child_weight"": 2.0711534873057285, ""n_estimators"": 400, ""reg_lambda"": 0.017889283775176113, ""subsample"": 0.9658627833300286}",COMPLETE
30,0.8120328129256604,2026-09-21 14:51:26.224420,2026-09-21 14:51:28.494500,0 days 00:00:02.270080,0.6377850232064817,2.5443971452450125,0.026660047552927068,7,4.915374733417519,350,0.10434242215252215,0.9051253239462733,,"{""colsample_bytree"": 0.6377850232064817, ""gamma"": 2.5443971452450125, ""learning_rate"": 0.026660047552927068, ""max_depth"": 7, ""min_child_weight"": 4.915374733417519, ""n_estimators"": 350, ""reg_lambda"": 0.10434242215252215, ""subsample"": 0.9051253239462733}",COMPLETE
31,0.8094464150499785,2026-09-21 14:51:28.494660,2026-09-21 14:51:33.485217,0 days 00:00:04.990557,0.39933235598625905,1.044015038501981,0.03161777243248723,5,3.3492607259078655,350,0.007377671027150555,0.9494620721998195,,"{""colsample_bytree"": 0.39933235598625905, ""gamma"": 1.044015038501981, ""learning_rate"": 0.03161777243248723, ""max_depth"": 5, ""min_child_weight"": 3.3492607259078655, ""n_estimators"": 350, ""reg_lambda"": 0.007377671027150555, ""subsample"": 0.9494620721998195}",COMPLETE
32,0.8110745267206573,2026-09-21 14:51:33.485293,2026-09-21 14:51:37.646308,0 days 00:00:04.161015,0.5114701218917521,0.3302436535553239,0.021009349899899346,5,3.3418977369449396,400,0.01017260103577314,0.9382365657752192,,"{""colsample_bytree"": 0.5114701218917521, ""gamma"": 0.3302436535553239, ""learning_rate"": 0.021009349899899346, ""max_depth"": 5, ""min_child_weight"": 3.3418977369449396, ""n_estimators"": 400, ""reg_lambda"": 0.01017260103577314, ""subsample"": 0.9382365657752192}",COMPLETE
33,0.8139443342158497,2026-09-21 14:51:37.646485,2026-09-21 14:51:40.122294,0 days 00:00:02.475809,0.6062613518715823,1.0192973088463924,0.046544312748192665,5,8.835014682105985,400,0.07952916495267799,0.9052148692274855,,"{""colsample_bytree"": 0.6062613518715823, ""gamma"": 1.0192973088463924, ""learning_rate"": 0.046544312748192665, ""max_depth"": 5, ""min_child_weight"": 8.835014682105985, ""n_estimators"": 400, ""reg_lambda"": 0.07952916495267799, ""subsample"": 0.9052148692274855}",COMPLETE
34,0.8088329522201028,2026-09-21 14:51:40.122342,2026-09-21 14:51:42.830023,0 days 00:00:02.707681,0.6050586043777318,0.2298935368980244,0.05966323009053005,5,3.1113670118598704,500,0.050384444168991044,0.9104230369407258,,"{""colsample_bytree"": 0.6050586043777318, ""gamma"": 0.2298935368980244, ""learning_rate"": 0.05966323009053005, ""max_depth"": 5, ""min_child_weight"": 3.1113670118598704, ""n_estimators"": 500, ""reg_lambda"": 0.050384444168991044, ""subsample"": 0.9104230369407258}",COMPLETE
35,0.8099141798357469,2026-09-21 14:51:42.830452,2026-09-21 14:51:44.570208,0 days 00:00:01.739756,0.6699662075770474,0.9453595443585519,0.05180798761642127,4,9.779433527378174,300,0.2465272621554215,0.9058414900443247,,"{""colsample_bytree"": 0.6699662075770474, ""gamma"": 0.9453595443585519, ""learning_rate"": 0.05180798761642127, ""max_depth"": 4, ""min_child_weight"": 9.779433527378174, ""n_estimators"": 300, ""reg_lambda"": 0.2465272621554215, ""subsample"": 0.9058414900443247}",COMPLETE
36,0.8091257940497691,2026-09-21 14:51:44.570291,2026-09-21 14:51:47.809513,0 days 00:00:03.239222,0.5937091631890534,0.7725362679349954,0.027653806799616182,6,5.884187096738138,450,0.6448531065665876,0.9249813193922017,,"{""colsample_bytree"": 0.5937091631890534, ""gamma"": 0.7725362679349954, ""learning_rate"": 0.027653806799616182, ""max_depth"": 6, ""min_child_weight"": 5.884187096738138, ""n_estimators"": 450, ""reg_lambda"": 0.6448531065665876, ""subsample"": 0.9249813193922017}",COMPLETE
37,0.8125007440880468,2026-09-21 14:51:47.809681,2026-09-21 14:51:50.508353,0 days 00:00:02.698672,0.673817582382255,1.481982548855985,0.04175709691843369,7,3.4370856819501983,500,0.058138490664078446,0.8848325032069964,,"{""colsample_bytree"": 0.673817582382255, ""gamma"": 1.481982548855985, ""learning_rate"": 0.04175709691843369, ""max_depth"": 7, ""min_child_weight"": 3.4370856819501983, ""n_estimators"": 500, ""reg_lambda"": 0.058138490664078446, ""subsample"": 0.8848325032069964}",COMPLETE
38,0.8112066804065556,2026-09-21 14:51:50.508536,2026-09-21 14:51:52.696385,0 days 00:00:02.187849,0.7683444058426877,0.6255395431457782,0.027205125272776517,5,6.218079791729251,300,0.09287843533481165,0.9515363696217,,"{""colsample_bytree"": 0.7683444058426877, ""gamma"": 0.6255395431457782, ""learning_rate"": 0.027205125272776517, ""max_depth"": 5, ""min_child_weight"": 6.218079791729251, ""n_estimators"": 300, ""reg_lambda"": 0.09287843533481165, ""subsample"": 0.9515363696217}",COMPLETE
39,0.8105399934415984,2026-09-21 14:51:52.698011,2026-09-21 14:51:55.763920,0 days 00:00:03.065909,0.6559577791648366,0.33765795559002876,0.062427863212474066,5,5.8232088907158746,500,0.041223559417241956,0.9783122914641813,,"{""colsample_bytree"": 0.6559577791648366, ""gamma"": 0.33765795559002876, ""learning_rate"": 0.062427863212474066, ""max_depth"": 5, ""min_child_weight"": 5.8232088907158746, ""n_estimators"": 500, ""reg_lambda"": 0.041223559417241956, ""subsample"": 0.9783122914641813}",COMPLETE
40,0.8125888863147036,2026-09-21 14:51:55.764103,2026-09-21 14:51:59.516813,0 days 00:00:03.752710,0.5822499334142136,0.3848321996225718,0.027009709224267913,5,4.365518308936921,400,0.15495065018226162,0.8965387804844962,,"{""colsample_bytree"": 0.5822499334142136, ""gamma"": 0.3848321996225718, ""learning_rate"": 0.027009709224267913, ""max_depth"": 5, ""min_child_weight"": 4.365518308936921, ""n_estimators"": 400, ""reg_lambda"": 0.15495065018226162, ""subsample"": 0.8965387804844962}",COMPLETE
41,0.811042221780049,2026-09-21 14:51:59.517001,2026-09-21 14:52:01.946173,0 days 00:00:02.429172,0.5483320573499282,1.2444082264816176,0.041421326121030055,5,8.995712390884023,450,0.02825443288435837,0.9340780329137642,,"{""colsample_bytree"": 0.5483320573499282, ""gamma"": 1.2444082264816176, ""learning_rate"": 0.041421326121030055, ""max_depth"": 5, ""min_child_weight"": 8.995712390884023, ""n_estimators"": 450, ""reg_lambda"": 0.02825443288435837, ""subsample"": 0.9340780329137642}",COMPLETE
42,0.8106318976679671,2026-09-21 14:52:01.947110,2026-09-21 14:52:05.745846,0 days 00:00:03.798736,0.6434211223526932,0.5976236980370321,0.04544387677665666,5,6.6760835637521705,600,0.056598900699526306,0.8807425705780783,,"{""colsample_bytree"": 0.6434211223526932, ""gamma"": 0.5976236980370321, ""learning_rate"": 0.04544387677665666, ""max_depth"": 5, ""min_child_weight"": 6.6760835637521705, ""n_estimators"": 600, ""reg_lambda"": 0.056598900699526306, ""subsample"": 0.8807425705780783}",COMPLETE
43,0.8098044473871987,2026-09-21 14:52:05.746036,2026-09-21 14:52:08.560025,0 days 00:00:02.813989,0.30232134350068907,0.18422937614212576,0.022230213891505434,6,4.642384893547184,350,0.0135716969735739,0.9383831319753103,,"{""colsample_bytree"": 0.30232134350068907, ""gamma"": 0.18422937614212576, ""learning_rate"": 0.022230213891505434, ""max_depth"": 6, ""min_child_weight"": 4.642384893547184, ""n_estimators"": 350, ""reg_lambda"": 0.0135716969735739, ""subsample"": 0.9383831319753103}",COMPLETE
44,0.81094087936833,2026-09-21 14:52:08.560308,2026-09-21 14:52:10.962195,0 days 00:00:02.401887,0.3004103430037328,1.024207193383437,0.02732026846392777,5,4.796430405581682,350,0.006540831109238948,0.9061677117761354,,"{""colsample_bytree"": 0.3004103430037328, ""gamma"": 1.024207193383437, ""learning_rate"": 0.02732026846392777, ""max_depth"": 5, ""min_child_weight"": 4.796430405581682, ""n_estimators"": 350, ""reg_lambda"": 0.006540831109238948, ""subsample"": 0.9061677117761354}",COMPLETE
45,0.8122381218437452,2026-09-21 14:52:10.962361,2026-09-21 14:52:13.609031,0 days 00:00:02.646670,0.5895493055159182,0.91137465620349,0.025846223020136144,6,4.479756960919206,400,0.013781772498939028,0.9911556968925471,,"{""colsample_bytree"": 0.5895493055159182, ""gamma"": 0.91137465620349, ""learning_rate"": 0.025846223020136144, ""max_depth"": 6, ""min_child_weight"": 4.479756960919206, ""n_estimators"": 400, ""reg_lambda"": 0.013781772498939028, ""subsample"": 0.9911556968925471}",COMPLETE
46,0.8086997566554626,2026-09-21 14:52:13.609257,2026-09-21 14:52:16.314803,0 days 00:00:02.705546,0.5748526923464684,0.17489332647207734,0.055742550029393274,5,13.65318151512091,500,0.1331172221638616,0.9549486594684493,,"{""colsample_bytree"": 0.5748526923464684, ""gamma"": 0.17489332647207734, ""learning_rate"": 0.055742550029393274, ""max_depth"": 5, ""min_child_weight"": 13.65318151512091, ""n_estimators"": 500, ""reg_lambda"": 0.1331172221638616, ""subsample"": 0.9549486594684493}",COMPLETE
47,0.8088681751779226,2026-09-21 14:52:16.315006,2026-09-21 14:52:18.253355,0 days 00:00:01.938349,0.6946745864424269,1.1911010888077918,0.036733891885669084,4,8.006816251425011,350,0.20803315918253326,0.9493178415872655,,"{""colsample_bytree"": 0.6946745864424269, ""gamma"": 1.1911010888077918, ""learning_rate"": 0.036733891885669084, ""max_depth"": 4, ""min_child_weight"": 8.006816251425011, ""n_estimators"": 350, ""reg_lambda"": 0.20803315918253326, ""subsample"": 0.9493178415872655}",COMPLETE
48,0.8087248206553908,2026-09-21 14:52:18.253402,2026-09-21 14:52:20.627205,0 days 00:00:02.373803,0.6508105145504712,0.6453317129147819,0.06868587117113852,6,5.798048782355664,450,0.0551054284423922,0.9027172110053249,,"{""colsample_bytree"": 0.6508105145504712, ""gamma"": 0.6453317129147819, ""learning_rate"": 0.06868587117113852, ""max_depth"": 6, ""min_child_weight"": 5.798048782355664, ""n_estimators"": 450, ""reg_lambda"": 0.0551054284423922, ""subsample"": 0.9027172110053249}",COMPLETE
49,0.812599815001894,2026-09-21 14:52:20.627549,2026-09-21 14:52:22.815115,0 days 00:00:02.187566,0.6852186370535265,1.1924631390660974,0.035808569473737374,6,6.116942661839812,450,0.06452775142079396,0.921842038604643,,"{""colsample_bytree"": 0.6852186370535265, ""gamma"": 1.1924631390660974, ""learning_rate"": 0.035808569473737374, ""max_depth"": 6, ""min_child_weight"": 6.116942661839812, ""n_estimators"": 450, ""reg_lambda"": 0.06452775142079396, ""subsample"": 0.921842038604643}",COMPLETE
50,0.8093382815807029,2026-09-21 14:52:22.815195,2026-09-21 14:52:24.719729,0 days 00:00:01.904534,0.38580839119936117,1.7573694644789442,0.03155449954895555,6,3.490494364472558,350,0.07992685882541875,0.9793794162568508,,"{""colsample_bytree"": 0.38580839119936117, ""gamma"": 1.7573694644789442, ""learning_rate"": 0.03155449954895555, ""max_depth"": 6, ""min_child_weight"": 3.490494364472558, ""n_estimators"": 350, ""reg_lambda"": 0.07992685882541875, ""subsample"": 0.9793794162568508}",COMPLETE
51,0.8096511757045433,2026-09-21 14:52:24.719788,2026-09-21 14:52:27.800555,0 days 00:00:03.080767,0.7676406172251258,0.367181882572316,0.05929310776962275,5,6.180519913956254,500,0.12437783010375247,0.9202207638631599,,"{""colsample_bytree"": 0.7676406172251258, ""gamma"": 0.367181882572316, ""learning_rate"": 0.05929310776962275, ""max_depth"": 5, ""min_child_weight"": 6.180519913956254, ""n_estimators"": 500, ""reg_lambda"": 0.12437783010375247, ""subsample"": 0.9202207638631599}",COMPLETE
52,0.8154682783355813,2026-09-21 14:52:27.800726,2026-09-21 14:52:30.171774,0 days 00:00:02.371048,0.6029960075584144,2.0912920270704465,0.02309283878935133,5,3.1119748295109364,450,0.01860095193479299,0.9925953601417935,,"{""colsample_bytree"": 0.6029960075584144, ""gamma"": 2.0912920270704465, ""learning_rate"": 0.02309283878935133, ""max_depth"": 5, ""min_child_weight"": 3.1119748295109364, ""n_estimators"": 450, ""reg_lambda"": 0.01860095193479299, ""subsample"": 0.9925953601417935}",COMPLETE
53,0.8122421566211878,2026-09-21 14:52:30.171961,2026-09-21 14:52:32.803268,0 days 00:00:02.631307,0.6073457226215392,0.6104536477964133,0.05205205157408677,5,7.785934250926437,450,0.10944100900988041,0.9146679187937106,,"{""colsample_bytree"": 0.6073457226215392, ""gamma"": 0.6104536477964133, ""learning_rate"": 0.05205205157408677, ""max_depth"": 5, ""min_child_weight"": 7.785934250926437, ""n_estimators"": 450, ""reg_lambda"": 0.10944100900988041, ""subsample"": 0.9146679187937106}",COMPLETE
54,0.811720147844003,2026-09-21 14:52:32.803722,2026-09-21 14:52:37.075634,0 days 00:00:04.271912,0.6806008916377554,2.3875923215072166,0.027048404675025905,8,4.542109980478451,450,0.047489258269050476,0.9575106203210312,,"{""colsample_bytree"": 0.6806008916377554, ""gamma"": 2.3875923215072166, ""learning_rate"": 0.027048404675025905, ""max_depth"": 8, ""min_child_weight"": 4.542109980478451, ""n_estimators"": 450, ""reg_lambda"": 0.047489258269050476, ""subsample"": 0.9575106203210312}",COMPLETE
55,0.8114167101600618,2026-09-21 14:52:37.075982,2026-09-21 14:52:39.821917,0 days 00:00:02.745935,0.734519867469148,0.7522750149237024,0.050121972358484125,5,5.940719367492999,400,0.040859396497666046,0.8860297861070302,,"{""colsample_bytree"": 0.734519867469148, ""gamma"": 0.7522750149237024, ""learning_rate"": 0.050121972358484125, ""max_depth"": 5, ""min_child_weight"": 5.940719367492999, ""n_estimators"": 400, ""reg_lambda"": 0.040859396497666046, ""subsample"": 0.8860297861070302}",COMPLETE
56,0.8125641787206777,2026-09-21 14:52:39.822099,2026-09-21 14:52:41.272726,0 days 00:00:01.450627,0.5755550806287408,1.4382192127701874,0.03963379899359357,5,3.256243313726843,400,0.019014021174306922,0.9658242690435013,,"{""colsample_bytree"": 0.5755550806287408, ""gamma"": 1.4382192127701874, ""learning_rate"": 0.03963379899359357, ""max_depth"": 5, ""min_child_weight"": 3.256243313726843, ""n_estimators"": 400, ""reg_lambda"": 0.019014021174306922, ""subsample"": 0.9658242690435013}",COMPLETE
57,0.8117886571979058,2026-09-21 14:52:41.272767,2026-09-21 14:52:44.287703,0 days 00:00:03.014936,0.6128455154773144,0.706648270234547,0.0459299928245162,6,7.579601669381711,550,0.1507841317217002,0.9074333142696168,,"{""colsample_bytree"": 0.6128455154773144, ""gamma"": 0.706648270234547, ""learning_rate"": 0.0459299928245162, ""max_depth"": 6, ""min_child_weight"": 7.579601669381711, ""n_estimators"": 550, ""reg_lambda"": 0.1507841317217002, ""subsample"": 0.9074333142696168}",COMPLETE
58,0.8134123291873425,2026-09-21 14:52:44.287876,2026-09-21 14:52:47.359417,0 days 00:00:03.071541,0.41643690654304605,0.9351400892216596,0.018573269348727113,6,4.5455863936133545,400,0.007369984044081255,0.9948925945236644,,"{""colsample_bytree"": 0.41643690654304605, ""gamma"": 0.9351400892216596, ""learning_rate"": 0.018573269348727113, ""max_depth"": 6, ""min_child_weight"": 4.5455863936133545, ""n_estimators"": 400, ""reg_lambda"": 0.007369984044081255, ""subsample"": 0.9948925945236644}",COMPLETE
59,0.8121247976750094,2026-09-21 14:52:47.359494,2026-09-21 14:52:49.776811,0 days 00:00:02.417317,0.7167560079694184,1.9033586202307198,0.03499485838928102,7,5.023279624987106,450,0.14516638533386753,0.9573310544226707,,"{""colsample_bytree"": 0.7167560079694184, ""gamma"": 1.9033586202307198, ""learning_rate"": 0.03499485838928102, ""max_depth"": 7, ""min_child_weight"": 5.023279624987106, ""n_estimators"": 450, ""reg_lambda"": 0.14516638533386753, ""subsample"": 0.9573310544226707}",COMPLETE
60,0.8128035290153681,2026-09-21 14:52:49.776887,2026-09-21 14:52:51.662283,0 days 00:00:01.885396,0.5380520738683043,2.010582871812685,0.02749780348154676,6,3.648376620855693,450,0.0333859020846687,0.9760777670329218,,"{""colsample_bytree"": 0.5380520738683043, ""gamma"": 2.010582871812685, ""learning_rate"": 0.02749780348154676, ""max_depth"": 6, ""min_child_weight"": 3.648376620855693, ""n_estimators"": 450, ""reg_lambda"": 0.0333859020846687, ""subsample"": 0.9760777670329218}",COMPLETE
61,0.8103134312523494,2026-09-21 14:52:51.662330,2026-09-21 14:52:55.065569,0 days 00:00:03.403239,0.6533104805105613,0.5264495007825916,0.04183728272592873,5,8.357989416585164,450,0.09693480082878486,0.9647949106906274,,"{""colsample_bytree"": 0.6533104805105613, ""gamma"": 0.5264495007825916, ""learning_rate"": 0.04183728272592873, ""max_depth"": 5, ""min_child_weight"": 8.357989416585164, ""n_estimators"": 450, ""reg_lambda"": 0.09693480082878486, ""subsample"": 0.9647949106906274}",COMPLETE
62,0.8109675006225441,2026-09-21 14:52:55.065753,2026-09-21 14:52:57.446740,0 days 00:00:02.380987,0.6105939060229799,0.8885871313883412,0.03382644985313736,5,9.638072030307399,400,0.057007549212205,0.8895885005538631,,"{""colsample_bytree"": 0.6105939060229799, ""gamma"": 0.8885871313883412, ""learning_rate"": 0.03382644985313736, ""max_depth"": 5, ""min_child_weight"": 9.638072030307399, ""n_estimators"": 400, ""reg_lambda"": 0.057007549212205, ""subsample"": 0.8895885005538631}",COMPLETE
63,0.8108226348701709,2026-09-21 14:52:57.446908,2026-09-21 14:52:59.808079,0 days 00:00:02.361171,0.43982575977216715,0.6452010488134436,0.024823729755188623,5,4.722783144838679,300,0.01340720753717433,0.995491891305098,,"{""colsample_bytree"": 0.43982575977216715, ""gamma"": 0.6452010488134436, ""learning_rate"": 0.024823729755188623, ""max_depth"": 5, ""min_child_weight"": 4.722783144838679, ""n_estimators"": 300, ""reg_lambda"": 0.01340720753717433, ""subsample"": 0.995491891305098}",COMPLETE
64,0.8109467934325819,2026-09-21 14:52:59.808618,2026-09-21 14:53:03.175504,0 days 00:00:03.366886,0.5869715920806969,2.296127606118739,0.018560905397099894,5,3.0174174319331466,500,0.03538742491911435,0.9640405069528718,,"{""colsample_bytree"": 0.5869715920806969, ""gamma"": 2.296127606118739, ""learning_rate"": 0.018560905397099894, ""max_depth"": 5, ""min_child_weight"": 3.0174174319331466, ""n_estimators"": 500, ""reg_lambda"": 0.03538742491911435, ""subsample"": 0.9640405069528718}",COMPLETE
65,0.8104615901790748,2026-09-21 14:53:03.175690,2026-09-21 14:53:06.507571,0 days 00:00:03.331881,0.668660241466376,1.8915786066285474,0.02816268564300292,4,4.416200580928006,500,0.03919782904391706,0.9900083553387322,,"{""colsample_bytree"": 0.668660241466376, ""gamma"": 1.8915786066285474, ""learning_rate"": 0.02816268564300292, ""max_depth"": 4, ""min_child_weight"": 4.416200580928006, ""n_estimators"": 500, ""reg_lambda"": 0.03919782904391706, ""subsample"": 0.9900083553387322}",COMPLETE
66,0.8107666771219204,2026-09-21 14:53:06.507828,2026-09-21 14:53:12.163380,0 days 00:00:05.655552,0.4572434609349308,1.4115898548569372,0.015914271368884444,6,5.540840118130698,400,0.0034707978036789254,0.9608207471424837,,"{""colsample_bytree"": 0.4572434609349308, ""gamma"": 1.4115898548569372, ""learning_rate"": 0.015914271368884444, ""max_depth"": 6, ""min_child_weight"": 5.540840118130698, ""n_estimators"": 400, ""reg_lambda"": 0.0034707978036789254, ""subsample"": 0.9608207471424837}",COMPLETE
67,0.809467738794267,2026-09-21 14:53:12.163827,2026-09-21 14:53:14.984870,0 days 00:00:02.821043,0.40299704431283934,1.5437101427528939,0.022178715404860088,5,4.137179024476952,400,0.0070293200322669985,0.988983911292137,,"{""colsample_bytree"": 0.40299704431283934, ""gamma"": 1.5437101427528939, ""learning_rate"": 0.022178715404860088, ""max_depth"": 5, ""min_child_weight"": 4.137179024476952, ""n_estimators"": 400, ""reg_lambda"": 0.0070293200322669985, ""subsample"": 0.988983911292137}",COMPLETE
68,0.8117986908089989,2026-09-21 14:53:14.985428,2026-09-21 14:53:17.359705,0 days 00:00:02.374277,0.4116032064632083,1.237840405767205,0.033310574561570445,6,3.8115211249373235,300,0.003795327210951681,0.9869884666805371,,"{""colsample_bytree"": 0.4116032064632083, ""gamma"": 1.237840405767205, ""learning_rate"": 0.033310574561570445, ""max_depth"": 6, ""min_child_weight"": 3.8115211249373235, ""n_estimators"": 300, ""reg_lambda"": 0.003795327210951681, ""subsample"": 0.9869884666805371}",COMPLETE
69,0.810823427619817,2026-09-21 14:53:17.359980,2026-09-21 14:53:20.881092,0 days 00:00:03.521112,0.3405149661698728,0.9033965046385481,0.02910501562566024,6,3.888864623066928,350,0.003424537472194181,0.9518584747030441,,"{""colsample_bytree"": 0.3405149661698728, ""gamma"": 0.9033965046385481, ""learning_rate"": 0.02910501562566024, ""max_depth"": 6, ""min_child_weight"": 3.888864623066928, ""n_estimators"": 350, ""reg_lambda"": 0.003424537472194181, ""subsample"": 0.9518584747030441}",COMPLETE
70,0.8099381459886297,2026-09-21 14:53:20.881459,2026-09-21 14:53:24.403011,0 days 00:00:03.521552,0.7451533149627209,0.7574673652930625,0.04035141254142651,5,6.600411519029078,450,0.047230231015517994,0.9677559431062412,,"{""colsample_bytree"": 0.7451533149627209, ""gamma"": 0.7574673652930625, ""learning_rate"": 0.04035141254142651, ""max_depth"": 5, ""min_child_weight"": 6.600411519029078, ""n_estimators"": 450, ""reg_lambda"": 0.047230231015517994, ""subsample"": 0.9677559431062412}",COMPLETE
71,0.8130471524918541,2026-09-21 14:53:24.403361,2026-09-21 14:53:27.730921,0 days 00:00:03.327560,0.6426183128426594,1.2469279127936732,0.03151881527459667,6,4.591883632678523,550,0.014550644482519656,0.9621321517991173,,"{""colsample_bytree"": 0.6426183128426594, ""gamma"": 1.2469279127936732, ""learning_rate"": 0.03151881527459667, ""max_depth"": 6, ""min_child_weight"": 4.591883632678523, ""n_estimators"": 550, ""reg_lambda"": 0.014550644482519656, ""subsample"": 0.9621321517991173}",COMPLETE
72,0.808663219732306,2026-09-21 14:53:27.731244,2026-09-21 14:53:30.997213,0 days 00:00:03.265969,0.4286113721435907,0.5232458419428228,0.025212979790484993,5,5.22637528801874,400,0.006296721771598748,0.9683890032033696,,"{""colsample_bytree"": 0.4286113721435907, ""gamma"": 0.5232458419428228, ""learning_rate"": 0.025212979790484993, ""max_depth"": 5, ""min_child_weight"": 5.22637528801874, ""n_estimators"": 400, ""reg_lambda"": 0.006296721771598748, ""subsample"": 0.9683890032033696}",COMPLETE
73,0.8132349592257363,2026-09-21 14:53:30.997707,2026-09-21 14:53:34.632808,0 days 00:00:03.635101,0.6321513564645559,1.2574887601049096,0.02567810290515632,6,5.047794509393291,550,0.021888154949116407,0.9347187567985481,,"{""colsample_bytree"": 0.6321513564645559, ""gamma"": 1.2574887601049096, ""learning_rate"": 0.02567810290515632, ""max_depth"": 6, ""min_child_weight"": 5.047794509393291, ""n_estimators"": 550, ""reg_lambda"": 0.021888154949116407, ""subsample"": 0.9347187567985481}",COMPLETE
74,0.8118856927293377,2026-09-21 14:53:34.633864,2026-09-21 14:53:38.406230,0 days 00:00:03.772366,0.5494235756561847,1.1303903310863819,0.0174930800402897,6,5.126853023213364,500,0.034469582322815155,0.9583812230203971,,"{""colsample_bytree"": 0.5494235756561847, ""gamma"": 1.1303903310863819, ""learning_rate"": 0.0174930800402897, ""max_depth"": 6, ""min_child_weight"": 5.126853023213364, ""n_estimators"": 500, ""reg_lambda"": 0.034469582322815155, ""subsample"": 0.9583812230203971}",COMPLETE
75,0.8100911522353531,2026-09-21 14:53:38.406689,2026-09-21 14:53:42.633995,0 days 00:00:04.227306,0.6776742271987767,1.0785162950969274,0.024934876824906266,6,4.489141726006637,550,0.022691434613867974,0.9090722072801014,,"{""colsample_bytree"": 0.6776742271987767, ""gamma"": 1.0785162950969274, ""learning_rate"": 0.024934876824906266, ""max_depth"": 6, ""min_child_weight"": 4.489141726006637, ""n_estimators"": 550, ""reg_lambda"": 0.022691434613867974, ""subsample"": 0.9090722072801014}",COMPLETE
76,0.8118069629630768,2026-09-21 14:53:42.635355,2026-09-21 14:53:45.222248,0 days 00:00:02.586893,0.5702632045641637,1.207065978064349,0.0191346379861103,5,4.992449574230782,500,0.017221633483291445,0.9811979551890595,,"{""colsample_bytree"": 0.5702632045641637, ""gamma"": 1.207065978064349, ""learning_rate"": 0.0191346379861103, ""max_depth"": 5, ""min_child_weight"": 4.992449574230782, ""n_estimators"": 500, ""reg_lambda"": 0.017221633483291445, ""subsample"": 0.9811979551890595}",COMPLETE
77,0.8093987875307775,2026-09-21 14:53:45.222335,2026-09-21 14:53:48.558121,0 days 00:00:03.335786,0.41034659828945413,0.6920602790352808,0.02226955380865792,7,4.452874094124262,400,0.009597645238238457,0.960215107249955,,"{""colsample_bytree"": 0.41034659828945413, ""gamma"": 0.6920602790352808, ""learning_rate"": 0.02226955380865792, ""max_depth"": 7, ""min_child_weight"": 4.452874094124262, ""n_estimators"": 400, ""reg_lambda"": 0.009597645238238457, ""subsample"": 0.960215107249955}",COMPLETE
78,0.809980327978384,2026-09-21 14:53:48.558294,2026-09-21 14:53:51.711002,0 days 00:00:03.152708,0.6450424104111225,0.5365940223761684,0.047975630327302995,5,5.4021782089537,450,0.2555806802822625,0.9131269065138401,,"{""colsample_bytree"": 0.6450424104111225, ""gamma"": 0.5365940223761684, ""learning_rate"": 0.047975630327302995, ""max_depth"": 5, ""min_child_weight"": 5.4021782089537, ""n_estimators"": 450, ""reg_lambda"": 0.2555806802822625, ""subsample"": 0.9131269065138401}",COMPLETE
79,0.8126914008266694,2026-09-21 14:53:51.711688,2026-09-21 14:53:54.972016,0 days 00:00:03.260328,0.571215380376537,1.1428763077624402,0.022526790184824046,6,3.159474440123384,550,0.04768044666868191,0.9644567817357331,,"{""colsample_bytree"": 0.571215380376537, ""gamma"": 1.1428763077624402, ""learning_rate"": 0.022526790184824046, ""max_depth"": 6, ""min_child_weight"": 3.159474440123384, ""n_estimators"": 550, ""reg_lambda"": 0.04768044666868191, ""subsample"": 0.9644567817357331}",COMPLETE
80,0.8107604041911142,2026-09-21 14:53:54.972615,2026-09-21 14:53:56.977616,0 days 00:00:02.005001,0.6087072996706627,1.5601642576498327,0.03788625141798637,5,10.139841253302615,400,0.09583663397479981,0.8618660156175432,,"{""colsample_bytree"": 0.6087072996706627, ""gamma"": 1.5601642576498327, ""learning_rate"": 0.03788625141798637, ""max_depth"": 5, ""min_child_weight"": 10.139841253302615, ""n_estimators"": 400, ""reg_lambda"": 0.09583663397479981, ""subsample"": 0.8618660156175432}",COMPLETE
81,0.8091096771237709,2026-09-21 14:53:56.977694,2026-09-21 14:53:58.436240,0 days 00:00:01.458546,0.3798157704201368,0.5908877262480761,0.023362675787272018,5,3.0115674902396825,250,0.018273122967164837,0.9970482665285164,,"{""colsample_bytree"": 0.3798157704201368, ""gamma"": 0.5908877262480761, ""learning_rate"": 0.023362675787272018, ""max_depth"": 5, ""min_child_weight"": 3.0115674902396825, ""n_estimators"": 250, ""reg_lambda"": 0.018273122967164837, ""subsample"": 0.9970482665285164}",COMPLETE
82,0.8105550122299974,2026-09-21 14:53:58.436287,2026-09-21 14:54:02.516765,0 days 00:00:04.080478,0.43396430141656567,0.5147199627438144,0.017540399725155035,6,4.9691245041702,400,0.011905537038227098,0.9771565499638152,,"{""colsample_bytree"": 0.43396430141656567, ""gamma"": 0.5147199627438144, ""learning_rate"": 0.017540399725155035, ""max_depth"": 6, ""min_child_weight"": 4.9691245041702, ""n_estimators"": 400, ""reg_lambda"": 0.011905537038227098, ""subsample"": 0.9771565499638152}",COMPLETE
83,0.8127211966813471,2026-09-21 14:54:02.517074,2026-09-21 14:54:06.228548,0 days 00:00:03.711474,0.5139831685171714,1.2968103332671586,0.022828458834294917,6,4.01792677951545,450,0.020033512795139884,0.9933217141915999,,"{""colsample_bytree"": 0.5139831685171714, ""gamma"": 1.2968103332671586, ""learning_rate"": 0.022828458834294917, ""max_depth"": 6, ""min_child_weight"": 4.01792677951545, ""n_estimators"": 450, ""reg_lambda"": 0.020033512795139884, ""subsample"": 0.9933217141915999}",COMPLETE
84,0.8093547336122633,2026-09-21 14:54:06.228921,2026-09-21 14:54:08.822084,0 days 00:00:02.593163,0.5543704756686801,0.913824518008031,0.03745590671907749,5,8.596341370751553,450,0.062357668124645015,0.894294833840235,,"{""colsample_bytree"": 0.5543704756686801, ""gamma"": 0.913824518008031, ""learning_rate"": 0.03745590671907749, ""max_depth"": 5, ""min_child_weight"": 8.596341370751553, ""n_estimators"": 450, ""reg_lambda"": 0.062357668124645015, ""subsample"": 0.894294833840235}",COMPLETE
85,0.8121398972175438,2026-09-21 14:54:08.822250,2026-09-21 14:54:11.870982,0 days 00:00:03.048732,0.6423472706412803,1.718217796056104,0.020234859887813584,6,4.237656614336308,650,0.0227079559085679,0.9446193076690199,,"{""colsample_bytree"": 0.6423472706412803, ""gamma"": 1.718217796056104, ""learning_rate"": 0.020234859887813584, ""max_depth"": 6, ""min_child_weight"": 4.237656614336308, ""n_estimators"": 650, ""reg_lambda"": 0.0227079559085679, ""subsample"": 0.9446193076690199}",COMPLETE
86,0.8093238542662136,2026-09-21 14:54:11.871460,2026-09-21 14:54:13.531713,0 days 00:00:01.660253,0.3361405203772539,0.3676676579787895,0.025010108243066764,5,3.7973694321364913,300,0.0059748764584481185,0.9185937074441541,,"{""colsample_bytree"": 0.3361405203772539, ""gamma"": 0.3676676579787895, ""learning_rate"": 0.025010108243066764, ""max_depth"": 5, ""min_child_weight"": 3.7973694321364913, ""n_estimators"": 300, ""reg_lambda"": 0.0059748764584481185, ""subsample"": 0.9185937074441541}",COMPLETE
87,0.8122733130507859,2026-09-21 14:54:13.531757,2026-09-21 14:54:15.470257,0 days 00:00:01.938500,0.6758558782773656,1.1275683725627665,0.04180330893583879,5,6.133441326765051,400,0.19490081297046613,0.905062005044641,,"{""colsample_bytree"": 0.6758558782773656, ""gamma"": 1.1275683725627665, ""learning_rate"": 0.04180330893583879, ""max_depth"": 5, ""min_child_weight"": 6.133441326765051, ""n_estimators"": 400, ""reg_lambda"": 0.19490081297046613, ""subsample"": 0.905062005044641}",COMPLETE
88,0.8105646796921357,2026-09-21 14:54:15.470361,2026-09-21 14:54:17.524760,0 days 00:00:02.054399,0.3582203452552547,1.6000971596919573,0.025773771451406906,5,4.62320806364417,300,0.004858679613141496,0.9436800023053105,,"{""colsample_bytree"": 0.3582203452552547, ""gamma"": 1.6000971596919573, ""learning_rate"": 0.025773771451406906, ""max_depth"": 5, ""min_child_weight"": 4.62320806364417, ""n_estimators"": 300, ""reg_lambda"": 0.004858679613141496, ""subsample"": 0.9436800023053105}",COMPLETE
89,0.8112906975734866,2026-09-21 14:54:17.525042,2026-09-21 14:54:20.326652,0 days 00:00:02.801610,0.41475263430036713,0.5968555251851121,0.021551303526809902,6,4.059639168500214,250,0.007863647249218782,0.9949397847594542,,"{""colsample_bytree"": 0.41475263430036713, ""gamma"": 0.5968555251851121, ""learning_rate"": 0.021551303526809902, ""max_depth"": 6, ""min_child_weight"": 4.059639168500214, ""n_estimators"": 250, ""reg_lambda"": 0.007863647249218782, ""subsample"": 0.9949397847594542}",COMPLETE
90,0.8085137232510078,2026-09-21 14:54:20.327102,2026-09-21 14:54:23.216558,0 days 00:00:02.889456,0.33706422050867074,0.3130668646753447,0.03270777801392566,5,3.981221253923197,350,0.0032865608810759496,0.9517823080136806,,"{""colsample_bytree"": 0.33706422050867074, ""gamma"": 0.3130668646753447, ""learning_rate"": 0.03270777801392566, ""max_depth"": 5, ""min_child_weight"": 3.981221253923197, ""n_estimators"": 350, ""reg_lambda"": 0.0032865608810759496, ""subsample"": 0.9517823080136806}",COMPLETE
91,0.8087457861648625,2026-09-21 14:54:23.217062,2026-09-21 14:54:25.127410,0 days 00:00:01.910348,0.3425019519476902,0.937344787961177,0.031588913230287285,5,3.829449279035483,250,0.006646290287805812,0.9902696144155905,,"{""colsample_bytree"": 0.3425019519476902, ""gamma"": 0.937344787961177, ""learning_rate"": 0.031588913230287285, ""max_depth"": 5, ""min_child_weight"": 3.829449279035483, ""n_estimators"": 250, ""reg_lambda"": 0.006646290287805812, ""subsample"": 0.9902696144155905}",COMPLETE
92,0.8090339266574318,2026-09-21 14:54:25.127454,2026-09-21 14:54:27.526099,0 days 00:00:02.398645,0.39239431666280383,0.9194262849901104,0.0308058791896802,5,3.507324751121078,400,0.0024930528338275894,0.9689465145627629,,"{""colsample_bytree"": 0.39239431666280383, ""gamma"": 0.9194262849901104, ""learning_rate"": 0.0308058791896802, ""max_depth"": 5, ""min_child_weight"": 3.507324751121078, ""n_estimators"": 400, ""reg_lambda"": 0.0024930528338275894, ""subsample"": 0.9689465145627629}",COMPLETE
93,0.8133916264219954,2026-09-21 14:54:27.526371,2026-09-21 14:54:29.685533,0 days 00:00:02.159162,0.6198740993274346,1.5978446210800634,0.03223459659105457,6,4.638229560518087,550,0.02590390968453662,0.9574276240791064,,"{""colsample_bytree"": 0.6198740993274346, ""gamma"": 1.5978446210800634, ""learning_rate"": 0.03223459659105457, ""max_depth"": 6, ""min_child_weight"": 4.638229560518087, ""n_estimators"": 550, ""reg_lambda"": 0.02590390968453662, ""subsample"": 0.9574276240791064}",COMPLETE
94,0.8109938889788489,2026-09-21 14:54:29.685583,2026-09-21 14:54:31.896746,0 days 00:00:02.211163,0.5875283343131084,0.9164270607244032,0.03791790031104452,6,4.216930508394269,500,0.012432035924942417,0.9929056785472283,,"{""colsample_bytree"": 0.5875283343131084, ""gamma"": 0.9164270607244032, ""learning_rate"": 0.03791790031104452, ""max_depth"": 6, ""min_child_weight"": 4.216930508394269, ""n_estimators"": 500, ""reg_lambda"": 0.012432035924942417, ""subsample"": 0.9929056785472283}",COMPLETE
95,0.8084400787525654,2026-09-21 14:54:31.896918,2026-09-21 14:54:33.553656,0 days 00:00:01.656738,0.3795355451353685,0.43184814356974405,0.021303907719552453,5,4.02587841423757,250,0.008581343132983952,0.9819307687424438,,"{""colsample_bytree"": 0.3795355451353685, ""gamma"": 0.43184814356974405, ""learning_rate"": 0.021303907719552453, ""max_depth"": 5, ""min_child_weight"": 4.02587841423757, ""n_estimators"": 250, ""reg_lambda"": 0.008581343132983952, ""subsample"": 0.9819307687424438}",COMPLETE
96,0.8136159558519678,2026-09-21 14:54:33.553948,2026-09-21 14:54:36.357694,0 days 00:00:02.803746,0.6420954019434953,2.5041631630281938,0.025508954152216913,7,5.661299676728423,450,0.09500782134776665,0.9821255560108549,,"{""colsample_bytree"": 0.6420954019434953, ""gamma"": 2.5041631630281938, ""learning_rate"": 0.025508954152216913, ""max_depth"": 7, ""min_child_weight"": 5.661299676728423, ""n_estimators"": 450, ""reg_lambda"": 0.09500782134776665, ""subsample"": 0.9821255560108549}",COMPLETE
97,0.8113213359357335,2026-09-21 14:54:36.357789,2026-09-21 14:54:39.159822,0 days 00:00:02.802033,0.6447914208967047,2.784310873397328,0.02272634672555892,7,6.313587902623117,400,0.079828125502936,0.9800657846579557,,"{""colsample_bytree"": 0.6447914208967047, ""gamma"": 2.784310873397328, ""learning_rate"": 0.02272634672555892, ""max_depth"": 7, ""min_child_weight"": 6.313587902623117, ""n_estimators"": 400, ""reg_lambda"": 0.079828125502936, ""subsample"": 0.9800657846579557}",COMPLETE
98,0.8131459132088003,2026-09-21 14:54:39.159909,2026-09-21 14:54:42.076858,0 days 00:00:02.916949,0.560297425699841,1.7559314164520061,0.0333810778287731,6,5.307776337175283,600,0.02767421485879143,0.9763021980455626,,"{""colsample_bytree"": 0.560297425699841, ""gamma"": 1.7559314164520061, ""learning_rate"": 0.0333810778287731, ""max_depth"": 6, ""min_child_weight"": 5.307776337175283, ""n_estimators"": 600, ""reg_lambda"": 0.02767421485879143, ""subsample"": 0.9763021980455626}",COMPLETE
99,0.8115850236480135,2026-09-21 14:54:42.077256,2026-09-21 14:54:45.794037,0 days 00:00:03.716781,0.595847976361241,1.0304374935541745,0.03390118398915734,6,4.718831411841177,550,0.011955720679222816,0.9424281956646587,,"{""colsample_bytree"": 0.595847976361241, ""gamma"": 1.0304374935541745, ""learning_rate"": 0.03390118398915734, ""max_depth"": 6, ""min_child_weight"": 4.718831411841177, ""n_estimators"": 550, ""reg_lambda"": 0.011955720679222816, ""subsample"": 0.9424281956646587}",COMPLETE
100,0.8124005351567776,2026-09-21 14:54:45.794230,2026-09-21 14:54:49.505213,0 days 00:00:03.710983,0.6799264578059013,0.8086045470598042,0.03022602547269444,6,5.882920390903594,500,0.01799188693102223,0.9526431574496133,,"{""colsample_bytree"": 0.6799264578059013, ""gamma"": 0.8086045470598042, ""learning_rate"": 0.03022602547269444, ""max_depth"": 6, ""min_child_weight"": 5.882920390903594, ""n_estimators"": 500, ""reg_lambda"": 0.01799188693102223, ""subsample"": 0.9526431574496133}",COMPLETE
101,0.8119150727243178,2026-09-21 14:54:49.505796,2026-09-21 14:54:52.245715,0 days 00:00:02.739919,0.6130320167725771,2.495553913489996,0.02505161016179087,6,5.743040234543504,450,0.07347012487332734,0.9692355845934555,,"{""colsample_bytree"": 0.6130320167725771, ""gamma"": 2.495553913489996, ""learning_rate"": 0.02505161016179087, ""max_depth"": 6, ""min_child_weight"": 5.743040234543504, ""n_estimators"": 450, ""reg_lambda"": 0.07347012487332734, ""subsample"": 0.9692355845934555}",COMPLETE
102,0.8110502211401455,2026-09-21 14:54:52.245903,2026-09-21 14:54:55.873438,0 days 00:00:03.627535,0.6526151161628313,1.2217255797099005,0.024989931388089116,6,4.3475841044670505,550,0.01206701080373445,0.9298023506138416,,"{""colsample_bytree"": 0.6526151161628313, ""gamma"": 1.2217255797099005, ""learning_rate"": 0.024989931388089116, ""max_depth"": 6, ""min_child_weight"": 4.3475841044670505, ""n_estimators"": 550, ""reg_lambda"": 0.01206701080373445, ""subsample"": 0.9298023506138416}",COMPLETE
103,0.8146549005733791,2026-09-21 14:54:55.873600,2026-09-21 14:54:58.996824,0 days 00:00:03.123224,0.6368303110599445,1.44330579115173,0.038568786216646965,6,4.97478448922046,600,0.031069527071948207,0.9335808579015327,,"{""colsample_bytree"": 0.6368303110599445, ""gamma"": 1.44330579115173, ""learning_rate"": 0.038568786216646965, ""max_depth"": 6, ""min_child_weight"": 4.97478448922046, ""n_estimators"": 600, ""reg_lambda"": 0.031069527071948207, ""subsample"": 0.9335808579015327}",COMPLETE
104,0.8129559186483661,2026-09-21 14:54:58.997184,2026-09-21 14:55:01.424821,0 days 00:00:02.427637,0.6222652682176036,1.4864840121005787,0.0280287986168391,6,4.214514043528996,400,0.026572529307038514,0.9460972567781352,,"{""colsample_bytree"": 0.6222652682176036, ""gamma"": 1.4864840121005787, ""learning_rate"": 0.0280287986168391, ""max_depth"": 6, ""min_child_weight"": 4.214514043528996, ""n_estimators"": 400, ""reg_lambda"": 0.026572529307038514, ""subsample"": 0.9460972567781352}",COMPLETE
105,0.8112078110129703,2026-09-21 14:55:01.425026,2026-09-21 14:55:04.575795,0 days 00:00:03.150769,0.6305433842381923,0.942230605493256,0.0392536244825449,6,5.2757509806869844,500,0.01709007656554532,0.9489342470973073,,"{""colsample_bytree"": 0.6305433842381923, ""gamma"": 0.942230605493256, ""learning_rate"": 0.0392536244825449, ""max_depth"": 6, ""min_child_weight"": 5.2757509806869844, ""n_estimators"": 500, ""reg_lambda"": 0.01709007656554532, ""subsample"": 0.9489342470973073}",COMPLETE
106,0.812386739486574,2026-09-21 14:55:04.576328,2026-09-21 14:55:06.974104,0 days 00:00:02.397776,0.6239686517699754,1.6112163021231054,0.026697793083053742,7,4.87373370562958,450,0.019455958757692376,0.9616617068284999,,"{""colsample_bytree"": 0.6239686517699754, ""gamma"": 1.6112163021231054, ""learning_rate"": 0.026697793083053742, ""max_depth"": 7, ""min_child_weight"": 4.87373370562958, ""n_estimators"": 450, ""reg_lambda"": 0.019455958757692376, ""subsample"": 0.9616617068284999}",COMPLETE
107,0.8085825071521577,2026-09-21 14:55:06.974186,2026-09-21 14:55:09.736971,0 days 00:00:02.762785,0.615795069554652,0.9789726422230083,0.0357443291049178,6,6.753597514294579,600,0.01533767580735594,0.962814537223329,,"{""colsample_bytree"": 0.615795069554652, ""gamma"": 0.9789726422230083, ""learning_rate"": 0.0357443291049178, ""max_depth"": 6, ""min_child_weight"": 6.753597514294579, ""n_estimators"": 600, ""reg_lambda"": 0.01533767580735594, ""subsample"": 0.962814537223329}",COMPLETE
108,0.8122535951710376,2026-09-21 14:55:09.737138,2026-09-21 14:55:13.229713,0 days 00:00:03.492575,0.6086081211927686,1.5471660593813357,0.030882251368619835,6,4.888705011355954,500,0.02311776303861127,0.9705053624683166,,"{""colsample_bytree"": 0.6086081211927686, ""gamma"": 1.5471660593813357, ""learning_rate"": 0.030882251368619835, ""max_depth"": 6, ""min_child_weight"": 4.888705011355954, ""n_estimators"": 500, ""reg_lambda"": 0.02311776303861127, ""subsample"": 0.9705053624683166}",COMPLETE
109,0.8111268448197121,2026-09-21 14:55:13.230858,2026-09-21 14:55:16.217213,0 days 00:00:02.986355,0.6558313244277707,1.157525455502642,0.033994032154743704,6,4.309557173441464,550,0.03492978873739755,0.938423169491736,,"{""colsample_bytree"": 0.6558313244277707, ""gamma"": 1.157525455502642, ""learning_rate"": 0.033994032154743704, ""max_depth"": 6, ""min_child_weight"": 4.309557173441464, ""n_estimators"": 550, ""reg_lambda"": 0.03492978873739755, ""subsample"": 0.938423169491736}",COMPLETE
110,0.8142964510570364,2026-09-21 14:55:16.218420,2026-09-21 14:55:18.718280,0 days 00:00:02.499860,0.6576697557790618,1.5630985055561155,0.03606421232513677,6,4.788560380798443,550,0.008515459066509277,0.9594753325106983,,"{""colsample_bytree"": 0.6576697557790618, ""gamma"": 1.5630985055561155, ""learning_rate"": 0.03606421232513677, ""max_depth"": 6, ""min_child_weight"": 4.788560380798443, ""n_estimators"": 550, ""reg_lambda"": 0.008515459066509277, ""subsample"": 0.9594753325106983}",COMPLETE
111,0.8123668819206031,2026-09-21 14:55:18.718472,2026-09-21 14:55:21.979129,0 days 00:00:03.260657,0.5994933652105375,1.2350691714132986,0.02832850353060513,6,3.791662891693792,550,0.020287071464338616,0.9405536292917651,,"{""colsample_bytree"": 0.5994933652105375, ""gamma"": 1.2350691714132986, ""learning_rate"": 0.02832850353060513, ""max_depth"": 6, ""min_child_weight"": 3.791662891693792, ""n_estimators"": 550, ""reg_lambda"": 0.020287071464338616, ""subsample"": 0.9405536292917651}",COMPLETE
112,0.8121133078166572,2026-09-21 14:55:21.979547,2026-09-21 14:55:24.681150,0 days 00:00:02.701603,0.5985053438186415,1.7912558635248081,0.02831822781118293,6,5.0159878885307,550,0.0302932955957571,0.9978050036331939,,"{""colsample_bytree"": 0.5985053438186415, ""gamma"": 1.7912558635248081, ""learning_rate"": 0.02831822781118293, ""max_depth"": 6, ""min_child_weight"": 5.0159878885307, ""n_estimators"": 550, ""reg_lambda"": 0.0302932955957571, ""subsample"": 0.9978050036331939}",COMPLETE
113,0.8125007327781646,2026-09-21 14:55:24.681320,2026-09-21 14:55:27.897072,0 days 00:00:03.215752,0.6339232027491307,1.5926834541637822,0.02164309576643285,6,5.477064761359408,450,0.024915401992471737,0.9398059071006156,,"{""colsample_bytree"": 0.6339232027491307, ""gamma"": 1.5926834541637822, ""learning_rate"": 0.02164309576643285, ""max_depth"": 6, ""min_child_weight"": 5.477064761359408, ""n_estimators"": 450, ""reg_lambda"": 0.024915401992471737, ""subsample"": 0.9398059071006156}",COMPLETE
114,0.8133306939900276,2026-09-21 14:55:27.897339,2026-09-21 14:55:30.840301,0 days 00:00:02.942962,0.6636946021875044,1.4743767747864676,0.03440534384094608,6,4.21455026403898,600,0.023155986501210996,0.9396869152943357,,"{""colsample_bytree"": 0.6636946021875044, ""gamma"": 1.4743767747864676, ""learning_rate"": 0.03440534384094608, ""max_depth"": 6, ""min_child_weight"": 4.21455026403898, ""n_estimators"": 600, ""reg_lambda"": 0.023155986501210996, ""subsample"": 0.9396869152943357}",COMPLETE
115,0.8128137426018579,2026-09-21 14:55:30.840512,2026-09-21 14:55:34.895260,0 days 00:00:04.054748,0.6238231060441136,1.4251545925892812,0.041737871181724166,6,3.915554224643071,600,0.025012117451168266,0.9035572564012068,,"{""colsample_bytree"": 0.6238231060441136, ""gamma"": 1.4251545925892812, ""learning_rate"": 0.041737871181724166, ""max_depth"": 6, ""min_child_weight"": 3.915554224643071, ""n_estimators"": 600, ""reg_lambda"": 0.025012117451168266, ""subsample"": 0.9035572564012068}",COMPLETE
116,0.8131500215645572,2026-09-21 14:55:34.895659,2026-09-21 14:55:39.654738,0 days 00:00:04.759079,0.4311588291038039,0.7338790782413328,0.01888927635709563,6,3.848339769828493,400,0.005672346337968986,0.9579409512370791,,"{""colsample_bytree"": 0.4311588291038039, ""gamma"": 0.7338790782413328, ""learning_rate"": 0.01888927635709563, ""max_depth"": 6, ""min_child_weight"": 3.848339769828493, ""n_estimators"": 400, ""reg_lambda"": 0.005672346337968986, ""subsample"": 0.9579409512370791}",COMPLETE
117,0.8101815795586603,2026-09-21 14:55:39.655449,2026-09-21 14:55:43.028640,0 days 00:00:03.373191,0.6097712509034134,1.3277769843818037,0.029564887391660417,6,5.821106594015598,500,0.03420978655644728,0.9058954649189841,,"{""colsample_bytree"": 0.6097712509034134, ""gamma"": 1.3277769843818037, ""learning_rate"": 0.029564887391660417, ""max_depth"": 6, ""min_child_weight"": 5.821106594015598, ""n_estimators"": 500, ""reg_lambda"": 0.03420978655644728, ""subsample"": 0.9058954649189841}",COMPLETE
118,0.8111141121568343,2026-09-21 14:55:43.029181,2026-09-21 14:55:46.324562,0 days 00:00:03.295381,0.6362326800391461,1.473530089630071,0.03664655862351159,6,4.253842008876432,650,0.016870391218790075,0.9484670116458769,,"{""colsample_bytree"": 0.6362326800391461, ""gamma"": 1.473530089630071, ""learning_rate"": 0.03664655862351159, ""max_depth"": 6, ""min_child_weight"": 4.253842008876432, ""n_estimators"": 650, ""reg_lambda"": 0.016870391218790075, ""subsample"": 0.9484670116458769}",COMPLETE
119,0.8120262766818407,2026-09-21 14:55:46.324986,2026-09-21 14:55:49.414242,0 days 00:00:03.089256,0.6215367147524207,1.3935681312336126,0.02944511063320361,6,4.1087782034930935,550,0.03964974467869324,0.9239125292379857,,"{""colsample_bytree"": 0.6215367147524207, ""gamma"": 1.3935681312336126, ""learning_rate"": 0.02944511063320361, ""max_depth"": 6, ""min_child_weight"": 4.1087782034930935, ""n_estimators"": 550, ""reg_lambda"": 0.03964974467869324, ""subsample"": 0.9239125292379857}",COMPLETE
120,0.8126372568728076,2026-09-21 14:55:49.414418,2026-09-21 14:55:51.847037,0 days 00:00:02.432619,0.7134174833076107,1.3855413096366123,0.04313648428074763,6,3.550383947229813,550,0.016698677525329324,0.9835151085716224,,"{""colsample_bytree"": 0.7134174833076107, ""gamma"": 1.3855413096366123, ""learning_rate"": 0.04313648428074763, ""max_depth"": 6, ""min_child_weight"": 3.550383947229813, ""n_estimators"": 550, ""reg_lambda"": 0.016698677525329324, ""subsample"": 0.9835151085716224}",COMPLETE
121,0.8123875334368467,2026-09-21 14:55:51.847802,2026-09-21 14:55:55.150724,0 days 00:00:03.302922,0.6597894522942702,2.152913205793521,0.02202911085088557,7,4.958467238746631,500,0.11228483045349531,0.9606670353841145,,"{""colsample_bytree"": 0.6597894522942702, ""gamma"": 2.152913205793521, ""learning_rate"": 0.02202911085088557, ""max_depth"": 7, ""min_child_weight"": 4.958467238746631, ""n_estimators"": 500, ""reg_lambda"": 0.11228483045349531, ""subsample"": 0.9606670353841145}",COMPLETE
122,0.8126247053859533,2026-09-21 14:55:55.150920,2026-09-21 14:55:57.538039,0 days 00:00:02.387119,0.6733324959211648,1.5675169181002186,0.03839477789166121,6,4.966408334726415,500,0.023275707749822967,0.9287461294747164,,"{""colsample_bytree"": 0.6733324959211648, ""gamma"": 1.5675169181002186, ""learning_rate"": 0.03839477789166121, ""max_depth"": 6, ""min_child_weight"": 4.966408334726415, ""n_estimators"": 500, ""reg_lambda"": 0.023275707749822967, ""subsample"": 0.9287461294747164}",COMPLETE
123,0.8101913042922767,2026-09-21 14:55:57.538118,2026-09-21 14:56:01.971544,0 days 00:00:04.433426,0.6951736965274147,1.2995799504172882,0.03862806118063503,6,5.472014771282944,600,0.04602971992359168,0.9272115199337974,,"{""colsample_bytree"": 0.6951736965274147, ""gamma"": 1.2995799504172882, ""learning_rate"": 0.03862806118063503, ""max_depth"": 6, ""min_child_weight"": 5.472014771282944, ""n_estimators"": 600, ""reg_lambda"": 0.04602971992359168, ""subsample"": 0.9272115199337974}",COMPLETE
124,0.8115852564271243,2026-09-21 14:56:01.972356,2026-09-21 14:56:05.302696,0 days 00:00:03.330340,0.7181873786228402,1.5120141295655283,0.03682830741649457,6,5.022151081816793,550,0.00986055681709448,0.9203612978375728,,"{""colsample_bytree"": 0.7181873786228402, ""gamma"": 1.5120141295655283, ""learning_rate"": 0.03682830741649457, ""max_depth"": 6, ""min_child_weight"": 5.022151081816793, ""n_estimators"": 550, ""reg_lambda"": 0.00986055681709448, ""subsample"": 0.9203612978375728}",COMPLETE
125,0.8139564032093582,2026-09-21 14:56:05.302925,2026-09-21 14:56:08.136653,0 days 00:00:02.833728,0.6882689277001012,1.3340476019599534,0.035130122602749024,6,3.939538988071868,600,0.02761590483937891,0.9559965345263869,,"{""colsample_bytree"": 0.6882689277001012, ""gamma"": 1.3340476019599534, ""learning_rate"": 0.035130122602749024, ""max_depth"": 6, ""min_child_weight"": 3.939538988071868, ""n_estimators"": 600, ""reg_lambda"": 0.02761590483937891, ""subsample"": 0.9559965345263869}",COMPLETE
126,0.8125759139280486,2026-09-21 14:56:08.136882,2026-09-21 14:56:11.058211,0 days 00:00:02.921329,0.5876124041501514,1.658573176734817,0.028409537419640363,6,5.036097844859776,600,0.025409296602355386,0.9540046522670202,,"{""colsample_bytree"": 0.5876124041501514, ""gamma"": 1.658573176734817, ""learning_rate"": 0.028409537419640363, ""max_depth"": 6, ""min_child_weight"": 5.036097844859776, ""n_estimators"": 600, ""reg_lambda"": 0.025409296602355386, ""subsample"": 0.9540046522670202}",COMPLETE
127,0.814324667097063,2026-09-21 14:56:11.058465,2026-09-21 14:56:13.473936,0 days 00:00:02.415471,0.6881911375241738,1.6703512748075164,0.03162454067688789,6,4.746910784050147,550,0.017748772426708765,0.9977062558342752,,"{""colsample_bytree"": 0.6881911375241738, ""gamma"": 1.6703512748075164, ""learning_rate"": 0.03162454067688789, ""max_depth"": 6, ""min_child_weight"": 4.746910784050147, ""n_estimators"": 550, ""reg_lambda"": 0.017748772426708765, ""subsample"": 0.9977062558342752}",COMPLETE
128,0.8137776100544472,2026-09-21 14:56:13.474114,2026-09-21 14:56:16.329385,0 days 00:00:02.855271,0.6613601734085939,1.5656181921196617,0.027633848783099216,6,4.464525815592743,600,0.019644574882186443,0.9783484938494889,,"{""colsample_bytree"": 0.6613601734085939, ""gamma"": 1.5656181921196617, ""learning_rate"": 0.027633848783099216, ""max_depth"": 6, ""min_child_weight"": 4.464525815592743, ""n_estimators"": 600, ""reg_lambda"": 0.019644574882186443, ""subsample"": 0.9783484938494889}",COMPLETE
129,0.8117987669667637,2026-09-21 14:56:16.329906,2026-09-21 14:56:19.557406,0 days 00:00:03.227500,0.6757075975873782,1.124253023568568,0.03852287783010173,6,4.506612944039675,550,0.01520374956303475,0.9913566254719062,,"{""colsample_bytree"": 0.6757075975873782, ""gamma"": 1.124253023568568, ""learning_rate"": 0.03852287783010173, ""max_depth"": 6, ""min_child_weight"": 4.506612944039675, ""n_estimators"": 550, ""reg_lambda"": 0.01520374956303475, ""subsample"": 0.9913566254719062}",COMPLETE
130,0.8111302633374132,2026-09-21 14:56:19.557736,2026-09-21 14:56:22.181026,0 days 00:00:02.623290,0.6288822760227178,1.6708641632599281,0.03601009855080414,6,5.1572531779981325,650,0.017479000036674963,0.9511155132931607,,"{""colsample_bytree"": 0.6288822760227178, ""gamma"": 1.6708641632599281, ""learning_rate"": 0.03601009855080414, ""max_depth"": 6, ""min_child_weight"": 5.1572531779981325, ""n_estimators"": 650, ""reg_lambda"": 0.017479000036674963, ""subsample"": 0.9511155132931607}",COMPLETE
131,0.812057514835046,2026-09-21 14:56:22.181233,2026-09-21 14:56:25.236268,0 days 00:00:03.055035,0.6919341443343063,1.4216737325141258,0.028011052563775625,6,4.26888470090628,650,0.008470841964462987,0.9611035154631589,,"{""colsample_bytree"": 0.6919341443343063, ""gamma"": 1.4216737325141258, ""learning_rate"": 0.028011052563775625, ""max_depth"": 6, ""min_child_weight"": 4.26888470090628, ""n_estimators"": 650, ""reg_lambda"": 0.008470841964462987, ""subsample"": 0.9611035154631589}",COMPLETE
132,0.8127145078908431,2026-09-21 14:56:25.236445,2026-09-21 14:56:28.283688,0 days 00:00:03.047243,0.6624724873988542,2.4659261995146458,0.028461734161500322,7,5.04008516554179,450,0.09929345822991925,0.9797871572688444,,"{""colsample_bytree"": 0.6624724873988542, ""gamma"": 2.4659261995146458, ""learning_rate"": 0.028461734161500322, ""max_depth"": 7, ""min_child_weight"": 5.04008516554179, ""n_estimators"": 450, ""reg_lambda"": 0.09929345822991925, ""subsample"": 0.9797871572688444}",COMPLETE
133,0.8134498846945897,2026-09-21 14:56:28.284105,2026-09-21 14:56:30.812857,0 days 00:00:02.528752,0.701671848856124,1.6397371584481422,0.04113544065702531,6,5.566016198539873,600,0.013034194412993009,0.97186718285606,,"{""colsample_bytree"": 0.701671848856124, ""gamma"": 1.6397371584481422, ""learning_rate"": 0.04113544065702531, ""max_depth"": 6, ""min_child_weight"": 5.566016198539873, ""n_estimators"": 600, ""reg_lambda"": 0.013034194412993009, ""subsample"": 0.97186718285606}",COMPLETE
134,0.8128376421845228,2026-09-21 14:56:30.813588,2026-09-21 14:56:33.932815,0 days 00:00:03.119227,0.648310209283944,1.6192185757290152,0.028686848466156652,6,5.351798395105618,550,0.03508291959627588,0.9912284233601552,,"{""colsample_bytree"": 0.648310209283944, ""gamma"": 1.6192185757290152, ""learning_rate"": 0.028686848466156652, ""max_depth"": 6, ""min_child_weight"": 5.351798395105618, ""n_estimators"": 550, ""reg_lambda"": 0.03508291959627588, ""subsample"": 0.9912284233601552}",COMPLETE
135,0.8135495418600158,2026-09-21 14:56:33.933778,2026-09-21 14:56:36.615642,0 days 00:00:02.681864,0.6431452045805646,1.775454110401247,0.030054571132022753,6,4.471935975781536,550,0.023998650060817313,0.9544278358965962,,"{""colsample_bytree"": 0.6431452045805646, ""gamma"": 1.775454110401247, ""learning_rate"": 0.030054571132022753, ""max_depth"": 6, ""min_child_weight"": 4.471935975781536, ""n_estimators"": 550, ""reg_lambda"": 0.023998650060817313, ""subsample"": 0.9544278358965962}",COMPLETE
136,0.81326017107343,2026-09-21 14:56:36.615957,2026-09-21 14:56:39.488925,0 days 00:00:02.872968,0.6903089707023536,1.6675619399472934,0.0240534969006709,5,4.351249185105277,600,0.021900700546204067,0.9557054882065728,,"{""colsample_bytree"": 0.6903089707023536, ""gamma"": 1.6675619399472934, ""learning_rate"": 0.0240534969006709, ""max_depth"": 5, ""min_child_weight"": 4.351249185105277, ""n_estimators"": 600, ""reg_lambda"": 0.021900700546204067, ""subsample"": 0.9557054882065728}",COMPLETE
137,0.8125009281381054,2026-09-21 14:56:39.489118,2026-09-21 14:56:41.943344,0 days 00:00:02.454226,0.6644276448339818,1.4219345908408323,0.039276502824730955,6,4.741467204698756,550,0.040978939454320164,0.9512718969095848,,"{""colsample_bytree"": 0.6644276448339818, ""gamma"": 1.4219345908408323, ""learning_rate"": 0.039276502824730955, ""max_depth"": 6, ""min_child_weight"": 4.741467204698756, ""n_estimators"": 550, ""reg_lambda"": 0.040978939454320164, ""subsample"": 0.9512718969095848}",COMPLETE
138,0.8141042006738288,2026-09-21 14:56:41.943545,2026-09-21 14:56:44.703679,0 days 00:00:02.760134,0.6211412420511101,1.476238307500419,0.028802738932927632,6,4.340101972652471,600,0.027235448715696806,0.9927203765339858,,"{""colsample_bytree"": 0.6211412420511101, ""gamma"": 1.476238307500419, ""learning_rate"": 0.028802738932927632, ""max_depth"": 6, ""min_child_weight"": 4.340101972652471, ""n_estimators"": 600, ""reg_lambda"": 0.027235448715696806, ""subsample"": 0.9927203765339858}",COMPLETE
139,0.8138685667549879,2026-09-21 14:56:44.704711,2026-09-21 14:56:47.523435,0 days 00:00:02.818724,0.6587476814396206,2.0589481876593174,0.03341193951845544,6,4.638211885890907,550,0.018424170137642568,0.9793861804590889,,"{""colsample_bytree"": 0.6587476814396206, ""gamma"": 2.0589481876593174, ""learning_rate"": 0.03341193951845544, ""max_depth"": 6, ""min_child_weight"": 4.638211885890907, ""n_estimators"": 550, ""reg_lambda"": 0.018424170137642568, ""subsample"": 0.9793861804590889}",COMPLETE
140,0.8107755367876026,2026-09-21 14:56:47.523625,2026-09-21 14:56:50.443615,0 days 00:00:02.919990,0.6807868273228074,1.3549379123399918,0.037873722860432266,6,4.871230263106837,600,0.011392293171712859,0.9582951859942488,,"{""colsample_bytree"": 0.6807868273228074, ""gamma"": 1.3549379123399918, ""learning_rate"": 0.037873722860432266, ""max_depth"": 6, ""min_child_weight"": 4.871230263106837, ""n_estimators"": 600, ""reg_lambda"": 0.011392293171712859, ""subsample"": 0.9582951859942488}",COMPLETE
141,0.8119175407827571,2026-09-21 14:56:50.443828,2026-09-21 14:56:53.466484,0 days 00:00:03.022656,0.6390627385906317,1.468493912611893,0.03323394765910654,6,3.6363168504250054,600,0.030429639035394213,0.9921203145410453,,"{""colsample_bytree"": 0.6390627385906317, ""gamma"": 1.468493912611893, ""learning_rate"": 0.03323394765910654, ""max_depth"": 6, ""min_child_weight"": 3.6363168504250054, ""n_estimators"": 600, ""reg_lambda"": 0.030429639035394213, ""subsample"": 0.9921203145410453}",COMPLETE
142,0.8120407232203505,2026-09-21 14:56:53.466974,2026-09-21 14:56:56.355871,0 days 00:00:02.888897,0.67573729486676,1.5368017638193254,0.026975685489877377,6,4.9226216057364285,500,0.022389728458427977,0.9862732640318697,,"{""colsample_bytree"": 0.67573729486676, ""gamma"": 1.5368017638193254, ""learning_rate"": 0.026975685489877377, ""max_depth"": 6, ""min_child_weight"": 4.9226216057364285, ""n_estimators"": 500, ""reg_lambda"": 0.022389728458427977, ""subsample"": 0.9862732640318697}",COMPLETE
143,0.8105227959576627,2026-09-21 14:56:56.356192,2026-09-21 14:56:59.160074,0 days 00:00:02.803882,0.6154483881900112,1.2513394207531323,0.029421867881944175,6,4.411420208528211,550,0.03487383333524191,0.9691733715753409,,"{""colsample_bytree"": 0.6154483881900112, ""gamma"": 1.2513394207531323, ""learning_rate"": 0.029421867881944175, ""max_depth"": 6, ""min_child_weight"": 4.411420208528211, ""n_estimators"": 550, ""reg_lambda"": 0.03487383333524191, ""subsample"": 0.9691733715753409}",COMPLETE
144,0.8115773580578047,2026-09-21 14:56:59.160302,2026-09-21 14:57:02.325000,0 days 00:00:03.164698,0.6529555898525171,1.971008215773742,0.028323724895486093,6,4.707266728499385,600,0.038123477780650936,0.995089092475358,,"{""colsample_bytree"": 0.6529555898525171, ""gamma"": 1.971008215773742, ""learning_rate"": 0.028323724895486093, ""max_depth"": 6, ""min_child_weight"": 4.707266728499385, ""n_estimators"": 600, ""reg_lambda"": 0.038123477780650936, ""subsample"": 0.995089092475358}",COMPLETE
145,0.8120634109353031,2026-09-21 14:57:02.325400,2026-09-21 14:57:05.123886,0 days 00:00:02.798486,0.6799010445243114,1.3980489052889085,0.04189117068111189,6,3.5863516379378924,600,0.030547514353089042,0.9432721592229715,,"{""colsample_bytree"": 0.6799010445243114, ""gamma"": 1.3980489052889085, ""learning_rate"": 0.04189117068111189, ""max_depth"": 6, ""min_child_weight"": 3.5863516379378924, ""n_estimators"": 600, ""reg_lambda"": 0.030547514353089042, ""subsample"": 0.9432721592229715}",COMPLETE
146,0.8145352083866367,2026-09-21 14:57:05.123973,2026-09-21 14:57:07.410670,0 days 00:00:02.286697,0.6362841477825776,1.8592401157188247,0.033435494273111786,6,3.876879430756154,500,0.009218802706537538,0.99583659394814,,"{""colsample_bytree"": 0.6362841477825776, ""gamma"": 1.8592401157188247, ""learning_rate"": 0.033435494273111786, ""max_depth"": 6, ""min_child_weight"": 3.876879430756154, ""n_estimators"": 500, ""reg_lambda"": 0.009218802706537538, ""subsample"": 0.99583659394814}",COMPLETE
147,0.8119587346629246,2026-09-21 14:57:07.411290,2026-09-21 14:57:12.639197,0 days 00:00:05.227907,0.6606663136289952,1.6956548103250044,0.028767958909935595,6,4.0269211138060514,600,0.01616059330262722,0.9634308600898378,,"{""colsample_bytree"": 0.6606663136289952, ""gamma"": 1.6956548103250044, ""learning_rate"": 0.028767958909935595, ""max_depth"": 6, ""min_child_weight"": 4.0269211138060514, ""n_estimators"": 600, ""reg_lambda"": 0.01616059330262722, ""subsample"": 0.9634308600898378}",COMPLETE
148,0.8118003036182053,2026-09-21 14:57:12.639453,2026-09-21 14:57:15.773420,0 days 00:00:03.133967,0.6278230715948763,2.123970623806544,0.037586836546182105,6,5.342879679474782,600,0.01766397371575809,0.9582961265532093,,"{""colsample_bytree"": 0.6278230715948763, ""gamma"": 2.123970623806544, ""learning_rate"": 0.037586836546182105, ""max_depth"": 6, ""min_child_weight"": 5.342879679474782, ""n_estimators"": 600, ""reg_lambda"": 0.01766397371575809, ""subsample"": 0.9582961265532093}",COMPLETE
149,0.8118229382388901,2026-09-21 14:57:15.775187,2026-09-21 14:57:19.168732,0 days 00:00:03.393545,0.6407811187922174,1.5384750293745506,0.02420117319574043,6,4.5860267569051025,550,0.0170104460225512,0.9771332066547923,,"{""colsample_bytree"": 0.6407811187922174, ""gamma"": 1.5384750293745506, ""learning_rate"": 0.02420117319574043, ""max_depth"": 6, ""min_child_weight"": 4.5860267569051025, ""n_estimators"": 550, ""reg_lambda"": 0.0170104460225512, ""subsample"": 0.9771332066547923}",COMPLETE
150,0.8127285737593276,2026-09-21 14:57:19.168987,2026-09-21 14:57:21.923948,0 days 00:00:02.754961,0.6953776576046535,1.6031962520574847,0.02856485107349483,6,3.91771128444038,550,0.017913728286659245,0.9953506120107187,,"{""colsample_bytree"": 0.6953776576046535, ""gamma"": 1.6031962520574847, ""learning_rate"": 0.02856485107349483, ""max_depth"": 6, ""min_child_weight"": 3.91771128444038, ""n_estimators"": 550, ""reg_lambda"": 0.017913728286659245, ""subsample"": 0.9953506120107187}",COMPLETE
151,0.8103033963218316,2026-09-21 14:57:21.924315,2026-09-21 14:57:24.867595,0 days 00:00:02.943280,0.6190790798216251,1.4608604010551223,0.03684430925335357,6,5.926415678402278,600,0.023576255506702438,0.9208904812395298,,"{""colsample_bytree"": 0.6190790798216251, ""gamma"": 1.4608604010551223, ""learning_rate"": 0.03684430925335357, ""max_depth"": 6, ""min_child_weight"": 5.926415678402278, ""n_estimators"": 600, ""reg_lambda"": 0.023576255506702438, ""subsample"": 0.9208904812395298}",COMPLETE
152,0.8118200601771497,2026-09-21 14:57:24.867948,2026-09-21 14:57:27.357019,0 days 00:00:02.489071,0.6872541461322015,1.735113423883524,0.035112296746628885,6,5.2070817681728485,550,0.008456610277825693,0.9664989797288283,,"{""colsample_bytree"": 0.6872541461322015, ""gamma"": 1.735113423883524, ""learning_rate"": 0.035112296746628885, ""max_depth"": 6, ""min_child_weight"": 5.2070817681728485, ""n_estimators"": 550, ""reg_lambda"": 0.008456610277825693, ""subsample"": 0.9664989797288283}",COMPLETE
153,0.8127237931755256,2026-09-21 14:57:27.357202,2026-09-21 14:57:30.025473,0 days 00:00:02.668271,0.6461856870738182,1.4092356518016778,0.033840977805765324,6,4.453306046274082,550,0.026672355406229493,0.989485253999966,,"{""colsample_bytree"": 0.6461856870738182, ""gamma"": 1.4092356518016778, ""learning_rate"": 0.033840977805765324, ""max_depth"": 6, ""min_child_weight"": 4.453306046274082, ""n_estimators"": 550, ""reg_lambda"": 0.026672355406229493, ""subsample"": 0.989485253999966}",COMPLETE
154,0.811876375591328,2026-09-21 14:57:30.026080,2026-09-21 14:57:32.411031,0 days 00:00:02.384951,0.6728135031266793,1.879771818960758,0.03869104893474435,6,6.080204348471785,550,0.01511148744158688,0.9959525296842522,,"{""colsample_bytree"": 0.6728135031266793, ""gamma"": 1.879771818960758, ""learning_rate"": 0.03869104893474435, ""max_depth"": 6, ""min_child_weight"": 6.080204348471785, ""n_estimators"": 550, ""reg_lambda"": 0.01511148744158688, ""subsample"": 0.9959525296842522}",COMPLETE
155,0.8128350150970428,2026-09-21 14:57:32.411279,2026-09-21 14:57:35.864146,0 days 00:00:03.452867,0.6632170681377803,1.4739358372692828,0.027121428203306805,6,5.763958480338556,600,0.015263354259711816,0.9960215617715168,,"{""colsample_bytree"": 0.6632170681377803, ""gamma"": 1.4739358372692828, ""learning_rate"": 0.027121428203306805, ""max_depth"": 6, ""min_child_weight"": 5.763958480338556, ""n_estimators"": 600, ""reg_lambda"": 0.015263354259711816, ""subsample"": 0.9960215617715168}",COMPLETE
156,0.8126225175162525,2026-09-21 14:57:35.864347,2026-09-21 14:57:38.871292,0 days 00:00:03.006945,0.6513885889820753,2.1272591761960453,0.029255698530366386,6,4.370459339175228,550,0.014388604344951553,0.981261279230864,,"{""colsample_bytree"": 0.6513885889820753, ""gamma"": 2.1272591761960453, ""learning_rate"": 0.029255698530366386, ""max_depth"": 6, ""min_child_weight"": 4.370459339175228, ""n_estimators"": 550, ""reg_lambda"": 0.014388604344951553, ""subsample"": 0.981261279230864}",COMPLETE
157,0.8124748586497346,2026-09-21 14:57:38.871798,2026-09-21 14:57:41.379385,0 days 00:00:02.507587,0.6861947789741789,2.2740137267999834,0.029982678351642936,6,4.380964680895743,500,0.020733511082400454,0.9548944055496827,,"{""colsample_bytree"": 0.6861947789741789, ""gamma"": 2.2740137267999834, ""learning_rate"": 0.029982678351642936, ""max_depth"": 6, ""min_child_weight"": 4.380964680895743, ""n_estimators"": 500, ""reg_lambda"": 0.020733511082400454, ""subsample"": 0.9548944055496827}",COMPLETE
158,0.8129493173255089,2026-09-21 14:57:41.379718,2026-09-21 14:57:44.791184,0 days 00:00:03.411466,0.6820060992731487,1.6826688236240872,0.030007071964461837,6,5.389531406895481,600,0.025348683058898064,0.9631715420166549,,"{""colsample_bytree"": 0.6820060992731487, ""gamma"": 1.6826688236240872, ""learning_rate"": 0.030007071964461837, ""max_depth"": 6, ""min_child_weight"": 5.389531406895481, ""n_estimators"": 600, ""reg_lambda"": 0.025348683058898064, ""subsample"": 0.9631715420166549}",COMPLETE
159,0.8120097445406824,2026-09-21 14:57:44.791665,2026-09-21 14:57:47.547564,0 days 00:00:02.755899,0.6421675604929361,2.0777472656018605,0.03315162346178959,6,3.9191473312095946,500,0.0225297285852126,0.9798878060488636,,"{""colsample_bytree"": 0.6421675604929361, ""gamma"": 2.0777472656018605, ""learning_rate"": 0.03315162346178959, ""max_depth"": 6, ""min_child_weight"": 3.9191473312095946, ""n_estimators"": 500, ""reg_lambda"": 0.0225297285852126, ""subsample"": 0.9798878060488636}",COMPLETE
160,0.8119103795487638,2026-09-21 14:57:47.548232,2026-09-21 14:57:49.948249,0 days 00:00:02.400017,0.6826249869229308,1.8916504276433683,0.04077535816344929,6,3.7257947710844337,550,0.016405489939499144,0.9634393979470758,,"{""colsample_bytree"": 0.6826249869229308, ""gamma"": 1.8916504276433683, ""learning_rate"": 0.04077535816344929, ""max_depth"": 6, ""min_child_weight"": 3.7257947710844337, ""n_estimators"": 550, ""reg_lambda"": 0.016405489939499144, ""subsample"": 0.9634393979470758}",COMPLETE
161,0.8146649565136828,2026-09-21 14:57:49.948521,2026-09-21 14:57:52.457658,0 days 00:00:02.509137,0.6547637005905885,1.8572885935097618,0.033681344896769494,6,4.581807052443552,600,0.0174784129367417,0.9660238021822066,,"{""colsample_bytree"": 0.6547637005905885, ""gamma"": 1.8572885935097618, ""learning_rate"": 0.033681344896769494, ""max_depth"": 6, ""min_child_weight"": 4.581807052443552, ""n_estimators"": 600, ""reg_lambda"": 0.0174784129367417, ""subsample"": 0.9660238021822066}",COMPLETE
162,0.8137911228970628,2026-09-21 14:57:52.457845,2026-09-21 14:57:55.295078,0 days 00:00:02.837233,0.6619062607431876,1.7973402542673416,0.029943063564303717,6,5.358209050918946,600,0.011678090579702656,0.9708889490666524,,"{""colsample_bytree"": 0.6619062607431876, ""gamma"": 1.7973402542673416, ""learning_rate"": 0.029943063564303717, ""max_depth"": 6, ""min_child_weight"": 5.358209050918946, ""n_estimators"": 600, ""reg_lambda"": 0.011678090579702656, ""subsample"": 0.9708889490666524}",COMPLETE
163,0.8125028873627563,2026-09-21 14:57:55.295298,2026-09-21 14:57:57.859646,0 days 00:00:02.564348,0.6825726914093242,1.8234747054282887,0.03084985141712411,6,5.19311371630984,550,0.019977690016615784,0.9919171265323383,,"{""colsample_bytree"": 0.6825726914093242, ""gamma"": 1.8234747054282887, ""learning_rate"": 0.03084985141712411, ""max_depth"": 6, ""min_child_weight"": 5.19311371630984, ""n_estimators"": 550, ""reg_lambda"": 0.019977690016615784, ""subsample"": 0.9919171265323383}",COMPLETE
164,0.8146613842486705,2026-09-21 14:57:57.859840,2026-09-21 14:58:00.909988,0 days 00:00:03.050148,0.6117792936654183,1.645335474178975,0.03241108016006841,6,3.9081442560968744,600,0.014572906175690766,0.9731132684563445,,"{""colsample_bytree"": 0.6117792936654183, ""gamma"": 1.645335474178975, ""learning_rate"": 0.03241108016006841, ""max_depth"": 6, ""min_child_weight"": 3.9081442560968744, ""n_estimators"": 600, ""reg_lambda"": 0.014572906175690766, ""subsample"": 0.9731132684563445}",COMPLETE
165,0.8128459657594602,2026-09-21 14:58:00.910726,2026-09-21 14:58:04.049951,0 days 00:00:03.139225,0.641265200526961,1.738170616853602,0.03152624775766393,6,5.144136118131915,600,0.025724902129810823,0.9307425669860294,,"{""colsample_bytree"": 0.641265200526961, ""gamma"": 1.738170616853602, ""learning_rate"": 0.03152624775766393, ""max_depth"": 6, ""min_child_weight"": 5.144136118131915, ""n_estimators"": 600, ""reg_lambda"": 0.025724902129810823, ""subsample"": 0.9307425669860294}",COMPLETE
166,0.8129675607628487,2026-09-21 14:58:04.050177,2026-09-21 14:58:06.907028,0 days 00:00:02.856851,0.677476661947801,1.5926838240973231,0.027547169710203726,6,4.39342418433111,500,0.009920042477908356,0.9926415728629996,,"{""colsample_bytree"": 0.677476661947801, ""gamma"": 1.5926838240973231, ""learning_rate"": 0.027547169710203726, ""max_depth"": 6, ""min_child_weight"": 4.39342418433111, ""n_estimators"": 500, ""reg_lambda"": 0.009920042477908356, ""subsample"": 0.9926415728629996}",COMPLETE
167,0.8135960539221605,2026-09-21 14:58:06.907535,2026-09-21 14:58:09.250371,0 days 00:00:02.342836,0.6445536351491933,1.9461531793438294,0.03836346409079559,6,4.1332358947811265,600,0.01421568569515622,0.971920739043196,,"{""colsample_bytree"": 0.6445536351491933, ""gamma"": 1.9461531793438294, ""learning_rate"": 0.03836346409079559, ""max_depth"": 6, ""min_child_weight"": 4.1332358947811265, ""n_estimators"": 600, ""reg_lambda"": 0.01421568569515622, ""subsample"": 0.971920739043196}",COMPLETE
168,0.8126368174832723,2026-09-21 14:58:09.250642,2026-09-21 14:58:13.092596,0 days 00:00:03.841954,0.6357518399273386,1.3749039831831709,0.033499703800653376,6,5.5326207167686094,600,0.0248436148113488,0.9603633578334428,,"{""colsample_bytree"": 0.6357518399273386, ""gamma"": 1.3749039831831709, ""learning_rate"": 0.033499703800653376, ""max_depth"": 6, ""min_child_weight"": 5.5326207167686094, ""n_estimators"": 600, ""reg_lambda"": 0.0248436148113488, ""subsample"": 0.9603633578334428}",COMPLETE
169,0.813096149128401,2026-09-21 14:58:13.093344,2026-09-21 14:58:14.972808,0 days 00:00:01.879464,0.6847876530172492,2.311215476904188,0.035613662174342885,6,4.268401086597204,550,0.024269668942158786,0.9764398528032391,,"{""colsample_bytree"": 0.6847876530172492, ""gamma"": 2.311215476904188, ""learning_rate"": 0.035613662174342885, ""max_depth"": 6, ""min_child_weight"": 4.268401086597204, ""n_estimators"": 550, ""reg_lambda"": 0.024269668942158786, ""subsample"": 0.9764398528032391}",COMPLETE
170,0.8123787250202683,2026-09-21 14:58:14.972903,2026-09-21 14:58:16.666232,0 days 00:00:01.693329,0.6603140438108599,2.0647270161236024,0.04288252163027085,6,4.238143878329081,600,0.028746357532080366,0.966204138013362,,"{""colsample_bytree"": 0.6603140438108599, ""gamma"": 2.0647270161236024, ""learning_rate"": 0.04288252163027085, ""max_depth"": 6, ""min_child_weight"": 4.238143878329081, ""n_estimators"": 600, ""reg_lambda"": 0.028746357532080366, ""subsample"": 0.966204138013362}",COMPLETE
171,0.8142002400097799,2026-09-21 14:58:16.666278,2026-09-21 14:58:18.895165,0 days 00:00:02.228887,0.6329882355208454,1.9069489015654328,0.03110625440048512,6,4.718741168267133,600,0.010772155642164195,0.9931720990280071,,"{""colsample_bytree"": 0.6329882355208454, ""gamma"": 1.9069489015654328, ""learning_rate"": 0.03110625440048512, ""max_depth"": 6, ""min_child_weight"": 4.718741168267133, ""n_estimators"": 600, ""reg_lambda"": 0.010772155642164195, ""subsample"": 0.9931720990280071}",COMPLETE
172,0.8130850556151723,2026-09-21 14:58:18.895344,2026-09-21 14:58:20.971821,0 days 00:00:02.076477,0.6498080922999429,1.6761450655607169,0.03467913133402078,6,5.11671478012538,650,0.01355330732044746,0.9807203310021916,,"{""colsample_bytree"": 0.6498080922999429, ""gamma"": 1.6761450655607169, ""learning_rate"": 0.03467913133402078, ""max_depth"": 6, ""min_child_weight"": 5.11671478012538, ""n_estimators"": 650, ""reg_lambda"": 0.01355330732044746, ""subsample"": 0.9807203310021916}",COMPLETE
173,0.8115360462354868,2026-09-21 14:58:20.971861,2026-09-21 14:58:22.961408,0 days 00:00:01.989547,0.5876771415630018,1.814161837918352,0.03230537588370337,6,5.445683004883563,600,0.009770721748298912,0.9991331061181349,,"{""colsample_bytree"": 0.5876771415630018, ""gamma"": 1.814161837918352, ""learning_rate"": 0.03230537588370337, ""max_depth"": 6, ""min_child_weight"": 5.445683004883563, ""n_estimators"": 600, ""reg_lambda"": 0.009770721748298912, ""subsample"": 0.9991331061181349}",COMPLETE
174,0.8118173456814217,2026-09-21 14:58:22.961585,2026-09-21 14:58:25.363492,0 days 00:00:02.401907,0.6693711396265938,1.6209732179356129,0.02795910762562646,6,5.0559719941212276,600,0.012430546614893614,0.9626070085986457,,"{""colsample_bytree"": 0.6693711396265938, ""gamma"": 1.6209732179356129, ""learning_rate"": 0.02795910762562646, ""max_depth"": 6, ""min_child_weight"": 5.0559719941212276, ""n_estimators"": 600, ""reg_lambda"": 0.012430546614893614, ""subsample"": 0.9626070085986457}",COMPLETE
175,0.8125399800198387,2026-09-21 14:58:25.363541,2026-09-21 14:58:27.111947,0 days 00:00:01.748406,0.6332414586912362,1.9028139232961718,0.03661489844247059,6,4.736203375625126,550,0.0099805292152038,0.9613048328318445,,"{""colsample_bytree"": 0.6332414586912362, ""gamma"": 1.9028139232961718, ""learning_rate"": 0.03661489844247059, ""max_depth"": 6, ""min_child_weight"": 4.736203375625126, ""n_estimators"": 550, ""reg_lambda"": 0.0099805292152038, ""subsample"": 0.9613048328318445}",COMPLETE
176,0.8106326265392022,2026-09-21 14:58:27.112112,2026-09-21 14:58:29.206876,0 days 00:00:02.094764,0.6024452266729925,1.5369547697013197,0.027619086797292594,6,4.175072969745699,550,0.025663487086109892,0.9978385981947719,,"{""colsample_bytree"": 0.6024452266729925, ""gamma"": 1.5369547697013197, ""learning_rate"": 0.027619086797292594, ""max_depth"": 6, ""min_child_weight"": 4.175072969745699, ""n_estimators"": 550, ""reg_lambda"": 0.025663487086109892, ""subsample"": 0.9978385981947719}",COMPLETE
177,0.8118179679203887,2026-09-21 14:58:29.206989,2026-09-21 14:58:31.106862,0 days 00:00:01.899873,0.643819665567172,2.048423402638713,0.03171052704758206,6,4.270001234865554,650,0.015472027422913688,0.9577635362365096,,"{""colsample_bytree"": 0.643819665567172, ""gamma"": 2.048423402638713, ""learning_rate"": 0.03171052704758206, ""max_depth"": 6, ""min_child_weight"": 4.270001234865554, ""n_estimators"": 650, ""reg_lambda"": 0.015472027422913688, ""subsample"": 0.9577635362365096}",COMPLETE
178,0.8105491786887262,2026-09-21 14:58:31.106910,2026-09-21 14:58:32.656746,0 days 00:00:01.549836,0.644932388049741,1.8966843480107676,0.04533621649510082,6,3.8169054242845233,550,0.009688995541645656,0.9946691433406617,,"{""colsample_bytree"": 0.644932388049741, ""gamma"": 1.8966843480107676, ""learning_rate"": 0.04533621649510082, ""max_depth"": 6, ""min_child_weight"": 3.8169054242845233, ""n_estimators"": 550, ""reg_lambda"": 0.009688995541645656, ""subsample"": 0.9946691433406617}",COMPLETE
179,0.8132951394918173,2026-09-21 14:58:32.656831,2026-09-21 14:58:34.691267,0 days 00:00:02.034436,0.6376597495456501,1.7184865298692928,0.030091420603695185,6,4.742596243269727,550,0.008433379979004443,0.9660903431557236,,"{""colsample_bytree"": 0.6376597495456501, ""gamma"": 1.7184865298692928, ""learning_rate"": 0.030091420603695185, ""max_depth"": 6, ""min_child_weight"": 4.742596243269727, ""n_estimators"": 550, ""reg_lambda"": 0.008433379979004443, ""subsample"": 0.9660903431557236}",COMPLETE
180,0.8122182486026761,2026-09-21 14:58:34.691320,2026-09-21 14:58:36.481465,0 days 00:00:01.790145,0.6658149800085614,2.012729893391926,0.037651458593758666,6,5.196558859591407,600,0.010217093571356526,0.9960260170068915,,"{""colsample_bytree"": 0.6658149800085614, ""gamma"": 2.012729893391926, ""learning_rate"": 0.037651458593758666, ""max_depth"": 6, ""min_child_weight"": 5.196558859591407, ""n_estimators"": 600, ""reg_lambda"": 0.010217093571356526, ""subsample"": 0.9960260170068915}",COMPLETE
181,0.8134439250658747,2026-09-21 14:58:36.481732,2026-09-21 14:58:38.377477,0 days 00:00:01.895745,0.6255894151847735,2.103338628254619,0.03058313481184968,6,4.461843026214331,600,0.0071568632545354624,0.9814813052941929,,"{""colsample_bytree"": 0.6255894151847735, ""gamma"": 2.103338628254619, ""learning_rate"": 0.03058313481184968, ""max_depth"": 6, ""min_child_weight"": 4.461843026214331, ""n_estimators"": 600, ""reg_lambda"": 0.0071568632545354624, ""subsample"": 0.9814813052941929}",COMPLETE
182,0.8109743110758769,2026-09-21 14:58:38.377659,2026-09-21 14:58:39.831719,0 days 00:00:01.454060,0.6141241581251808,1.7203758678205792,0.040748318980780206,6,4.3051950058332435,550,0.01318690816611387,0.9878182424336949,,"{""colsample_bytree"": 0.6141241581251808, ""gamma"": 1.7203758678205792, ""learning_rate"": 0.040748318980780206, ""max_depth"": 6, ""min_child_weight"": 4.3051950058332435, ""n_estimators"": 550, ""reg_lambda"": 0.01318690816611387, ""subsample"": 0.9878182424336949}",COMPLETE
183,0.8143405329894018,2026-09-21 14:58:39.831763,2026-09-21 14:58:41.531747,0 days 00:00:01.699984,0.5879578236818627,1.7255698086568207,0.03318310679694538,6,4.418157757461923,600,0.01592726136092616,0.9747173353825567,,"{""colsample_bytree"": 0.5879578236818627, ""gamma"": 1.7255698086568207, ""learning_rate"": 0.03318310679694538, ""max_depth"": 6, ""min_child_weight"": 4.418157757461923, ""n_estimators"": 600, ""reg_lambda"": 0.01592726136092616, ""subsample"": 0.9747173353825567}",COMPLETE
184,0.8129539025493699,2026-09-21 14:58:41.531790,2026-09-21 14:58:42.906219,0 days 00:00:01.374429,0.6789269983290798,2.065685320081928,0.0364890834545063,6,4.731211336920012,500,0.011728172733492142,0.9888060581062299,,"{""colsample_bytree"": 0.6789269983290798, ""gamma"": 2.065685320081928, ""learning_rate"": 0.0364890834545063, ""max_depth"": 6, ""min_child_weight"": 4.731211336920012, ""n_estimators"": 500, ""reg_lambda"": 0.011728172733492142, ""subsample"": 0.9888060581062299}",COMPLETE
185,0.8131825705941587,2026-09-21 14:58:42.906259,2026-09-21 14:58:44.958144,0 days 00:00:02.051885,0.6635921030316719,1.9353671294379438,0.023677714406093384,6,5.496900972458999,600,0.014001823198876918,0.9827057646302206,,"{""colsample_bytree"": 0.6635921030316719, ""gamma"": 1.9353671294379438, ""learning_rate"": 0.023677714406093384, ""max_depth"": 6, ""min_child_weight"": 5.496900972458999, ""n_estimators"": 600, ""reg_lambda"": 0.014001823198876918, ""subsample"": 0.9827057646302206}",COMPLETE
186,0.8135151901147527,2026-09-21 14:58:44.958354,2026-09-21 14:58:46.701167,0 days 00:00:01.742813,0.6945615151286655,1.484578037559475,0.0344060873508738,6,5.150719719534995,550,0.014126847345158757,0.9937669584299627,,"{""colsample_bytree"": 0.6945615151286655, ""gamma"": 1.484578037559475, ""learning_rate"": 0.0344060873508738, ""max_depth"": 6, ""min_child_weight"": 5.150719719534995, ""n_estimators"": 550, ""reg_lambda"": 0.014126847345158757, ""subsample"": 0.9937669584299627}",COMPLETE
187,0.8102868349067964,2026-09-21 14:58:46.701224,2026-09-21 14:58:48.269675,0 days 00:00:01.568451,0.5584825291628911,1.7561228982028074,0.03729897932247909,6,4.134270231545445,600,0.014793736312588976,0.9802626750144707,,"{""colsample_bytree"": 0.5584825291628911, ""gamma"": 1.7561228982028074, ""learning_rate"": 0.03729897932247909, ""max_depth"": 6, ""min_child_weight"": 4.134270231545445, ""n_estimators"": 600, ""reg_lambda"": 0.014793736312588976, ""subsample"": 0.9802626750144707}",COMPLETE
188,0.8123758344480189,2026-09-21 14:58:48.269721,2026-09-21 14:58:50.277428,0 days 00:00:02.007707,0.576849802223499,1.6538439444082806,0.03073610764896284,6,4.209278132046247,650,0.02000137192226042,0.9620620815394776,,"{""colsample_bytree"": 0.576849802223499, ""gamma"": 1.6538439444082806, ""learning_rate"": 0.03073610764896284, ""max_depth"": 6, ""min_child_weight"": 4.209278132046247, ""n_estimators"": 650, ""reg_lambda"": 0.02000137192226042, ""subsample"": 0.9620620815394776}",COMPLETE
189,0.8135126253551037,2026-09-21 14:58:50.279601,2026-09-21 14:58:51.887278,0 days 00:00:01.607677,0.5973948597564361,2.032291376575654,0.035290382503784766,6,3.939712707993989,600,0.01607266832283362,0.9560751892123851,,"{""colsample_bytree"": 0.5973948597564361, ""gamma"": 2.032291376575654, ""learning_rate"": 0.035290382503784766, ""max_depth"": 6, ""min_child_weight"": 3.939712707993989, ""n_estimators"": 600, ""reg_lambda"": 0.01607266832283362, ""subsample"": 0.9560751892123851}",COMPLETE
190,0.8129519556634721,2026-09-21 14:58:51.887319,2026-09-21 14:58:53.908079,0 days 00:00:02.020760,0.6401556281602829,1.9051532704868663,0.029186511894720144,6,5.039341413649429,600,0.016805400763873973,0.9749606456592236,,"{""colsample_bytree"": 0.6401556281602829, ""gamma"": 1.9051532704868663, ""learning_rate"": 0.029186511894720144, ""max_depth"": 6, ""min_child_weight"": 5.039341413649429, ""n_estimators"": 600, ""reg_lambda"": 0.016805400763873973, ""subsample"": 0.9749606456592236}",COMPLETE
191,0.8140774826654471,2026-09-21 14:58:53.908418,2026-09-21 14:58:55.827021,0 days 00:00:01.918603,0.6524131107976773,1.607876430244171,0.0337872160547812,6,4.0423978647065795,600,0.013240712509749288,0.9881886073999155,,"{""colsample_bytree"": 0.6524131107976773, ""gamma"": 1.607876430244171, ""learning_rate"": 0.0337872160547812, ""max_depth"": 6, ""min_child_weight"": 4.0423978647065795, ""n_estimators"": 600, ""reg_lambda"": 0.013240712509749288, ""subsample"": 0.9881886073999155}",COMPLETE
192,0.8117928821763888,2026-09-21 14:58:55.827066,2026-09-21 14:58:57.767755,0 days 00:00:01.940689,0.6117764415147202,1.8841049609921061,0.03695940037436914,6,4.499079699941658,650,0.017622343621839915,0.9933664786444563,,"{""colsample_bytree"": 0.6117764415147202, ""gamma"": 1.8841049609921061, ""learning_rate"": 0.03695940037436914, ""max_depth"": 6, ""min_child_weight"": 4.499079699941658, ""n_estimators"": 650, ""reg_lambda"": 0.017622343621839915, ""subsample"": 0.9933664786444563}",COMPLETE
193,0.8123613516909657,2026-09-21 14:58:57.767829,2026-09-21 14:58:59.192524,0 days 00:00:01.424695,0.6559800968977924,1.9529691846287647,0.0315660939175233,6,3.600553437497418,450,0.012486091751884785,0.9946695444328927,,"{""colsample_bytree"": 0.6559800968977924, ""gamma"": 1.9529691846287647, ""learning_rate"": 0.0315660939175233, ""max_depth"": 6, ""min_child_weight"": 3.600553437497418, ""n_estimators"": 450, ""reg_lambda"": 0.012486091751884785, ""subsample"": 0.9946695444328927}",COMPLETE
194,0.8139602787266055,2026-09-21 14:58:59.192568,2026-09-21 14:59:01.024246,0 days 00:00:01.831678,0.6437291874783039,1.8064698702316742,0.029955427349738408,6,4.723463245843546,500,0.020577312320308568,0.9818110291817699,,"{""colsample_bytree"": 0.6437291874783039, ""gamma"": 1.8064698702316742, ""learning_rate"": 0.029955427349738408, ""max_depth"": 6, ""min_child_weight"": 4.723463245843546, ""n_estimators"": 500, ""reg_lambda"": 0.020577312320308568, ""subsample"": 0.9818110291817699}",COMPLETE
195,0.8135097960224155,2026-09-21 14:59:01.024448,2026-09-21 14:59:02.803568,0 days 00:00:01.779120,0.6505700892635659,1.6693232027259541,0.03406816362412936,6,3.688360627102177,600,0.007520132693977069,0.9802651316285567,,"{""colsample_bytree"": 0.6505700892635659, ""gamma"": 1.6693232027259541, ""learning_rate"": 0.03406816362412936, ""max_depth"": 6, ""min_child_weight"": 3.688360627102177, ""n_estimators"": 600, ""reg_lambda"": 0.007520132693977069, ""subsample"": 0.9802651316285567}",COMPLETE
196,0.8115396339444422,2026-09-21 14:59:02.803616,2026-09-21 14:59:04.554704,0 days 00:00:01.751088,0.685475473525433,1.9079208334790057,0.03628333392991358,6,4.999554359172724,550,0.015834960135557626,0.9654940681759674,,"{""colsample_bytree"": 0.685475473525433, ""gamma"": 1.9079208334790057, ""learning_rate"": 0.03628333392991358, ""max_depth"": 6, ""min_child_weight"": 4.999554359172724, ""n_estimators"": 550, ""reg_lambda"": 0.015834960135557626, ""subsample"": 0.9654940681759674}",COMPLETE
197,0.8128657751815174,2026-09-21 14:59:04.554875,2026-09-21 14:59:06.289292,0 days 00:00:01.734417,0.6816932141722145,1.6215149133335613,0.0339258012257111,6,4.422513747676794,600,0.013424736306144502,0.9546941232272145,,"{""colsample_bytree"": 0.6816932141722145, ""gamma"": 1.6215149133335613, ""learning_rate"": 0.0339258012257111, ""max_depth"": 6, ""min_child_weight"": 4.422513747676794, ""n_estimators"": 600, ""reg_lambda"": 0.013424736306144502, ""subsample"": 0.9546941232272145}",COMPLETE
198,0.8130887858209555,2026-09-21 14:59:06.289369,2026-09-21 14:59:08.248794,0 days 00:00:01.959425,0.5927149925591928,1.6846124029679803,0.028083148860414964,6,4.454427096350695,600,0.014323364942900402,0.9885771619259199,,"{""colsample_bytree"": 0.5927149925591928, ""gamma"": 1.6846124029679803, ""learning_rate"": 0.028083148860414964, ""max_depth"": 6, ""min_child_weight"": 4.454427096350695, ""n_estimators"": 600, ""reg_lambda"": 0.014323364942900402, ""subsample"": 0.9885771619259199}",COMPLETE
199,0.8128103200729246,2026-09-21 14:59:08.248838,2026-09-21 14:59:09.780857,0 days 00:00:01.532019,0.6224315301249985,2.193219643726328,0.03363921729040342,6,4.47401734212441,550,0.011150331027997635,0.9958292653964163,,"{""colsample_bytree"": 0.6224315301249985, ""gamma"": 2.193219643726328, ""learning_rate"": 0.03363921729040342, ""max_depth"": 6, ""min_child_weight"": 4.47401734212441, ""n_estimators"": 550, ""reg_lambda"": 0.011150331027997635, ""subsample"": 0.9958292653964163}",COMPLETE
